Dendrocolaptes ridgwayi,Passeriformes,Dendrocolaptinae,Dendrocolaptidae,arapaçu-barrado-do-tapajós,Ridgway's Woodcreeper,,
Dendrocolaptes retentus,Passeriformes,Dendrocolaptinae,Dendrocolaptidae,arapaçu-barrado-do-xingu,Xingu Woodcreeper,,
Dendrocolaptes medius,Passeriformes,Dendrocolaptinae,Dendrocolaptidae,arapaçu-barrado-do-leste,Todd's Woodcreeper,,
Dendrocolaptes picumnus,Passeriformes,Dendrocolaptinae,Dendrocolaptidae,arapaçu-meio-barrado,Black-banded Woodcreeper,,
Dendrocolaptes hoffmannsi,Passeriformes,Dendrocolaptinae,Dendrocolaptidae,arapaçu-marrom,Hoffmanns's Woodcreeper,VU,
Dendrocolaptes platyrostris,Passeriformes,Dendrocolaptinae,Dendrocolaptidae,arapaçu-grande,Planalto Woodcreeper,,
Xiphocolaptes promeropirhynchus,Passeriformes,Dendrocolaptinae,Dendrocolaptidae,arapaçu-vermelho,Strong-billed Woodcreeper,,
Xiphocolaptes carajaensis,Passeriformes,Dendrocolaptinae,Dendrocolaptidae,arapaçu-do-carajás,Carajas Woodcreeper,,
Xiphocolaptes falcirostris,Passeriformes,Dendrocolaptinae,Dendrocolaptidae,arapaçu-do-nordeste,Moustached Woodcreeper,VU,
Xiphocolaptes albicollis,Passeriformes,Dendrocolaptinae,Dendrocolaptidae,arapaçu-de-garganta-branca,White-throated Woodcreeper,,
Xiphocolaptes major,Passeriformes,Dendrocolaptinae,Dendrocolaptidae,arapaçu-do-campo,Great Rufous Woodcreeper,,
Hylexetastes stresemanni,Passeriformes,Dendrocolaptinae,Dendrocolaptidae,arapaçu-de-barriga-pintada,Bar-bellied Woodcreeper,,
Hylexetastes perrotii,Passeriformes,Dendrocolaptinae,Dendrocolaptidae,arapaçu-de-bico-vermelho,Red-billed Woodcreeper,,
Hylexetastes uniformis,Passeriformes,Dendrocolaptinae,Dendrocolaptidae,arapaçu-uniforme,Uniform Woodcreeper,,
Hylexetastes brigidai,Passeriformes,Dendrocolaptinae,Dendrocolaptidae,arapaçu-de-loro-cinza,Brigida's Woodcreeper,,
Xenops tenuirostris,Passeriformes,Dendrocolaptinae,Xenopidae,bico-virado-fino,Slender-billed Xenops,,
Xenops minutus,Passeriformes,Dendrocolaptinae,Xenopidae,bico-virado-miúdo,Plain Xenops,,
Xenops rutilans,Passeriformes,Dendrocolaptinae,Xenopidae,bico-virado-carijó,Streaked Xenops,,
Berlepschia rikeri,Passeriformes,Berlepschiinae,Furnariidae,limpa-folha-do-buriti,Point-tailed Palmcreeper,,
Microxenops milleri,Passeriformes,Pygarrhichinae,Furnariidae,bico-virado-da-copa,Rufous-tailed Xenops,,
Tarphonomus certhioides,Passeriformes,Furnariinae,Furnariidae,joão-chaquenho,Chaco Earthcreeper,,
Cinclodes espinhacensis,Passeriformes,Furnariinae,Furnariidae,pedreiro-do-espinhaço,Cipo Cinclodes,,
Cinclodes pabsti,Passeriformes,Furnariinae,Furnariidae,pedreiro,Long-tailed Cinclodes,NT,
Cinclodes fuscus,Passeriformes,Furnariinae,Furnariidae,pedreiro-dos-andes,Buff-winged Cinclodes,,
Furnarius figulus,Passeriformes,Furnariinae,Furnariidae,casaca-de-couro-da-lama,Wing-banded Hornero,,
Furnarius leucopus,Passeriformes,Furnariinae,Furnariidae,casaca-de-couro-amarelo,Pale-legged Hornero,,
Furnarius torridus,Passeriformes,Furnariinae,Furnariidae,joão-de-bico-pálido,Pale-billed Hornero,,
Furnarius minor,Passeriformes,Furnariinae,Furnariidae,joãozinho,Lesser Hornero,,
Furnarius rufus,Passeriformes,Furnariinae,Furnariidae,joão-de-barro,Rufous Hornero,,
Limnornis curvirostris,Passeriformes,Furnariinae,Furnariidae,joão-da-palha,Curve-billed Reedhaunter,,
Phleocryptes melanops,Passeriformes,Furnariinae,Furnariidae,bate-bico,Wren-like Rushbird,,
Lochmias nematura,Passeriformes,Furnariinae,Furnariidae,joão-porca,Sharp-tailed Streamcreeper,,
Ancistrops strigilatus,Passeriformes,Philydorinae,Furnariidae,limpa-folha-picanço,Chestnut-winged Hookbill,,
Clibanornis rectirostris,Passeriformes,Philydorinae,Furnariidae,cisqueiro-do-rio,Chestnut-capped Foliage-gleaner,,
Clibanornis dendrocolaptoides,Passeriformes,Philydorinae,Furnariidae,cisqueiro,Canebrake Groundcreeper,NT,
Clibanornis obscurus,Passeriformes,Philydorinae,Furnariidae,barranqueiro-ferrugem,Dusky Foliage-gleaner,,
Clibanornis watkinsi,Passeriformes,Philydorinae,Furnariidae,barranqueiro-ferrugem-do-acre,Watkins's Foliage-gleaner,,
Automolus rufipileatus,Passeriformes,Philydorinae,Furnariidae,barranqueiro-de-coroa-castanha,Chestnut-crowned Foliage-gleaner,,
Automolus melanopezus,Passeriformes,Philydorinae,Furnariidae,barranqueiro-escuro,Brown-rumped Foliage-gleaner,,
Automolus cervicalis,Passeriformes,Philydorinae,Furnariidae,barranqueiro-pardo-do-norte,Olive-capped Foliage-gleaner,,
Automolus subulatus,Passeriformes,Philydorinae,Furnariidae,limpa-folha-riscado,Striped Woodhaunter,,
Automolus ochrolaemus,Passeriformes,Philydorinae,Furnariidae,barranqueiro-camurça,Buff-throated Foliage-gleaner,,
Automolus infuscatus,Passeriformes,Philydorinae,Furnariidae,barranqueiro-pardo,Olive-backed Foliage-gleaner,,
Automolus paraensis,Passeriformes,Philydorinae,Furnariidae,barranqueiro-do-pará,Para Foliage-gleaner,,
Automolus lammi,Passeriformes,Philydorinae,Furnariidae,barranqueiro-do-nordeste,Pernambuco Foliage-gleaner,EN,
Automolus leucophthalmus,Passeriformes,Philydorinae,Furnariidae,barranqueiro-de-olho-branco,White-eyed Foliage-gleaner,,
Megaxenops parnaguae,Passeriformes,Philydorinae,Furnariidae,bico-virado-da-caatinga,Great Xenops,,
Anabazenops dorsalis,Passeriformes,Philydorinae,Furnariidae,barranqueiro-de-topete,Dusky-cheeked Foliage-gleaner,,
Anabazenops fuscus,Passeriformes,Philydorinae,Furnariidae,trepador-coleira,White-collared Foliage-gleaner,,
Anabacerthia ruficaudata,Passeriformes,Philydorinae,Furnariidae,limpa-folha-de-cauda-ruiva,Rufous-tailed Foliage-gleaner,,
Anabacerthia amaurotis,Passeriformes,Philydorinae,Furnariidae,limpa-folha-miúdo,White-browed Foliage-gleaner,NT,
Anabacerthia lichtensteini,Passeriformes,Philydorinae,Furnariidae,limpa-folha-ocráceo,Ochre-breasted Foliage-gleaner,,
Philydor erythrocercum,Passeriformes,Philydorinae,Furnariidae,limpa-folha-de-sobre-ruivo,Rufous-rumped Foliage-gleaner,,
Philydor erythropterum,Passeriformes,Philydorinae,Furnariidae,limpa-folha-de-asa-castanha,Chestnut-winged Foliage-gleaner,,
Philydor novaesi,Passeriformes,Philydorinae,Furnariidae,limpa-folha-do-nordeste,Alagoas Foliage-gleaner,CR,
Philydor atricapillus,Passeriformes,Philydorinae,Furnariidae,limpa-folha-coroado,Black-capped Foliage-gleaner,,
Philydor rufum,Passeriformes,Philydorinae,Furnariidae,limpa-folha-de-testa-baia,Buff-fronted Foliage-gleaner,,
Philydor pyrrhodes,Passeriformes,Philydorinae,Furnariidae,limpa-folha-vermelho,Cinnamon-rumped Foliage-gleaner,,
Heliobletus contaminatus,Passeriformes,Philydorinae,Furnariidae,trepadorzinho,Sharp-billed Treehunter,,
Syndactyla rufosuperciliata,Passeriformes,Philydorinae,Furnariidae,trepador-quiete,Buff-browed Foliage-gleaner,,
Syndactyla dimidiata,Passeriformes,Philydorinae,Furnariidae,limpa-folha-do-brejo,Russet-mantled Foliage-gleaner,,
Syndactyla roraimae,Passeriformes,Philydorinae,Furnariidae,barranqueiro-de-roraima,White-throated Foliage-gleaner,,
Syndactyla ucayalae,Passeriformes,Philydorinae,Furnariidae,limpa-folha-de-bico-virado,Peruvian Recurvebill,NT,
Cichlocolaptes mazarbarnetti,Passeriformes,Philydorinae,Furnariidae,trepador-do-nordeste,Cryptic Treehunter,CR(PE),
Cichlocolaptes leucophrus,Passeriformes,Philydorinae,Furnariidae,trepador-sobrancelha,Pale-browed Treehunter,,
Leptasthenura platensis,Passeriformes,Synallaxiinae,Furnariidae,rabudinho,Tufted Tit-Spinetail,,
Leptasthenura striolata,Passeriformes,Synallaxiinae,Furnariidae,grimpeirinho,Striolated Tit-Spinetail,,
Leptasthenura setaria,Passeriformes,Synallaxiinae,Furnariidae,grimpeiro,Araucaria Tit-Spinetail,NT,
Spartonoica maluroides,Passeriformes,Synallaxiinae,Furnariidae,boininha,Bay-capped Wren-Spinetail,NT,
Pseudoseisura cristata,Passeriformes,Synallaxiinae,Furnariidae,casaca-de-couro,Caatinga Cacholote,,
Pseudoseisura unirufa,Passeriformes,Synallaxiinae,Furnariidae,casaca-de-couro-de-crista-cinza,Rufous Cacholote,,
Pseudoseisura lophotes,Passeriformes,Synallaxiinae,Furnariidae,coperete,Brown Cacholote,,
Phacellodomus rufifrons,Passeriformes,Synallaxiinae,Furnariidae,joão-de-pau,Rufous-fronted Thornbird,,
Phacellodomus sibilatrix,Passeriformes,Synallaxiinae,Furnariidae,tio-tio-pequeno,Little Thornbird,,
Phacellodomus striaticollis,Passeriformes,Synallaxiinae,Furnariidae,tio-tio,Freckle-breasted Thornbird,,
Phacellodomus ruber,Passeriformes,Synallaxiinae,Furnariidae,graveteiro,Greater Thornbird,,
Phacellodomus erythrophthalmus,Passeriformes,Synallaxiinae,Furnariidae,joão-botina-da-mata,Orange-eyed Thornbird,,
Phacellodomus ferrugineigula,Passeriformes,Synallaxiinae,Furnariidae,joão-botina-do-brejo,Orange-breasted Thornbird,,
Anumbius annumbi,Passeriformes,Synallaxiinae,Furnariidae,cochicho,Firewood-Gatherer,,
Coryphistera alaudina,Passeriformes,Synallaxiinae,Furnariidae,corredor-crestudo,Lark-like Brushrunner,,
Mazaria propinqua,Passeriformes,Synallaxiinae,Furnariidae,joão-de-barriga-branca,White-bellied Spinetail,,
Schoeniophylax phryganophilus,Passeriformes,Synallaxiinae,Furnariidae,bichoita,Chotoy Spinetail,,
Certhiaxis cinnamomeus,Passeriformes,Synallaxiinae,Furnariidae,curutié,Yellow-chinned Spinetail,,
Certhiaxis mustelinus,Passeriformes,Synallaxiinae,Furnariidae,joão-da-canarana,Red-and-white Spinetail,,
Synallaxis hellmayri,Passeriformes,Synallaxiinae,Furnariidae,joão-chique-chique,Red-shouldered Spinetail,,
Synallaxis sp.cabanisi,Passeriformes,Synallaxiinae,Furnariidae,joão-do-norte,Amazonian Spinetail,NT,
Synallaxis ruficapilla,Passeriformes,Synallaxiinae,Furnariidae,pichororé,Rufous-capped Spinetail,,
Synallaxis cinerea,Passeriformes,Synallaxiinae,Furnariidae,joão-baiano,Bahia Spinetail,NT,
Synallaxis infuscata,Passeriformes,Synallaxiinae,Furnariidae,tatac,Pinto's Spinetail,EN,
Synallaxis cinerascens,Passeriformes,Synallaxiinae,Furnariidae,pi-puí,Gray-bellied Spinetail,,
Synallaxis frontalis,Passeriformes,Synallaxiinae,Furnariidae,petrim,Sooty-fronted Spinetail,,
Synallaxis albescens,Passeriformes,Synallaxiinae,Furnariidae,uí-pi,Pale-breasted Spinetail,,
Synallaxis albigularis,Passeriformes,Synallaxiinae,Furnariidae,joão-de-peito-escuro,Dark-breasted Spinetail,,
Synallaxis spixi,Passeriformes,Synallaxiinae,Furnariidae,joão-teneném,Spix's Spinetail,,
Synallaxis hypospodia,Passeriformes,Synallaxiinae,Furnariidae,joão-grilo,Cinereous-breasted Spinetail,,
Synallaxis rutilans,Passeriformes,Synallaxiinae,Furnariidae,joão-teneném-castanho,Ruddy Spinetail,,
Synallaxis cherriei,Passeriformes,Synallaxiinae,Furnariidae,puruchém,Chestnut-throated Spinetail,NT,
Synallaxis macconnelli,Passeriformes,Synallaxiinae,Furnariidae,joão-escuro,McConnell's Spinetail,,
Synallaxis gujanensis,Passeriformes,Synallaxiinae,Furnariidae,joão-teneném-becuá,Plain-crowned Spinetail,,
Synallaxis albilora,Passeriformes,Synallaxiinae,Furnariidae,joão-do-pantanal,White-lored Spinetail,,
Synallaxis simoni,Passeriformes,Synallaxiinae,Furnariidae,joão-do-araguaia,Araguaia Spinetail,,
Synallaxis scutata,Passeriformes,Synallaxiinae,Furnariidae,estrelinha-preta,Ochre-cheeked Spinetail,,
Synallaxis kollari,Passeriformes,Synallaxiinae,Furnariidae,joão-de-barba-grisalha,Hoary-throated Spinetail,CR,
Asthenes baeri,Passeriformes,Synallaxiinae,Furnariidae,lenheiro,Short-billed Canastero,,
Asthenes luizae,Passeriformes,Synallaxiinae,Furnariidae,lenheiro-da-serra-do-cipó,Cipo Canastero,NT,
Asthenes pyrrholeuca,Passeriformes,Synallaxiinae,Furnariidae,lenheiro-de-rabo-comprido,Sharp-billed Canastero,,
Asthenes moreirae,Passeriformes,Synallaxiinae,Furnariidae,garrincha-chorona,Itatiaia Spinetail,,
Asthenes hudsoni,Passeriformes,Synallaxiinae,Furnariidae,joão-platino,Hudson's Canastero,NT,
Acrobatornis fonsecai,Passeriformes,Synallaxiinae,Furnariidae,acrobata,Pink-legged Graveteiro,VU,
Metopothrix aurantiaca,Passeriformes,Synallaxiinae,Furnariidae,joão-folheiro,Orange-fronted Plushcrown,,
Limnoctites rectirostris,Passeriformes,Synallaxiinae,Furnariidae,arredio-do-gravatá,Straight-billed Reedhaunter,NT,
Cranioleuca vulpina,Passeriformes,Synallaxiinae,Furnariidae,arredio-do-rio,Rusty-backed Spinetail,,
Cranioleuca vulpecula,Passeriformes,Synallaxiinae,Furnariidae,arredio-de-peito-branco,Parker's Spinetail,,
Cranioleuca sulphurifera,Passeriformes,Synallaxiinae,Furnariidae,arredio-de-papo-manchado,Sulphur-throated Spinetail,,
Cranioleuca pyrrhophia,Passeriformes,Synallaxiinae,Furnariidae,arredio,Stripe-crowned Spinetail,,
Cranioleuca obsoleta,Passeriformes,Synallaxiinae,Furnariidae,arredio-oliváceo,Olive Spinetail,,
Cranioleuca pallida,Passeriformes,Synallaxiinae,Furnariidae,arredio-pálido,Pallid Spinetail,,
Cranioleuca semicinerea,Passeriformes,Synallaxiinae,Furnariidae,joão-de-cabeça-cinza,Gray-headed Spinetail,,
Cranioleuca demissa,Passeriformes,Synallaxiinae,Furnariidae,joão-do-tepui,Tepui Spinetail,,
Cranioleuca gutturata,Passeriformes,Synallaxiinae,Furnariidae,joão-pintado,Speckled Spinetail,,
Cranioleuca muelleri,Passeriformes,Synallaxiinae,Furnariidae,joão-escamoso,Scaled Spinetail,EN,
Thripophaga macroura,Passeriformes,Synallaxiinae,Furnariidae,rabo-amarelo,Striated Softtail,VU,
Thripophaga fusciceps,Passeriformes,Synallaxiinae,Furnariidae,joão-liso,Plain Softtail,,
Roraimia adusta,Passeriformes,Synallaxiinae,Furnariidae,joão-de-roraima,Roraiman Barbtail,,
Neopelma pallescens,Passeriformes,Neopelminae,Pipridae,fruxu-do-cerradão,Pale-bellied Tyrant-Manakin,,
Neopelma chrysocephalum,Passeriformes,Neopelminae,Pipridae,fruxu-do-carrasco,Saffron-crested Tyrant-Manakin,,
Neopelma aurifrons,Passeriformes,Neopelminae,Pipridae,fruxu-baiano,Wied's Tyrant-Manakin,VU,
Neopelma chrysolophum,Passeriformes,Neopelminae,Pipridae,fruxu,Serra do Mar Tyrant-Manakin,,
Neopelma sulphureiventer,Passeriformes,Neopelminae,Pipridae,fruxu-de-barriga-amarela,Sulphur-bellied Tyrant-Manakin,,
Tyranneutes stolzmanni,Passeriformes,Neopelminae,Pipridae,uirapuruzinho,Dwarf Tyrant-Manakin,,
Tyranneutes virescens,Passeriformes,Neopelminae,Pipridae,uirapuruzinho-do-norte,Tiny Tyrant-Manakin,,
Pipra aureola,Passeriformes,Piprinae,Pipridae,uirapuru-vermelho,Crimson-hooded Manakin,,
Pipra filicauda,Passeriformes,Piprinae,Pipridae,rabo-de-arame,Wire-tailed Manakin,,
Pipra fasciicauda,Passeriformes,Piprinae,Pipridae,uirapuru-laranja,Band-tailed Manakin,,
Ceratopipra cornuta,Passeriformes,Piprinae,Pipridae,dançador-de-crista,Scarlet-horned Manakin,,
Ceratopipra erythrocephala,Passeriformes,Piprinae,Pipridae,cabeça-de-ouro,Golden-headed Manakin,,
Ceratopipra rubrocapilla,Passeriformes,Piprinae,Pipridae,cabeça-encarnada,Red-headed Manakin,,
Ceratopipra chloromeros,Passeriformes,Piprinae,Pipridae,dançador-de-cauda-graduada,Round-tailed Manakin,,
Lepidothrix coronata,Passeriformes,Piprinae,Pipridae,uirapuru-de-chapéu-azul,Blue-crowned Manakin,,
Lepidothrix nattereri,Passeriformes,Piprinae,Pipridae,uirapuru-de-chapéu-branco,Snow-capped Manakin,,
Lepidothrix vilasboasi,Passeriformes,Piprinae,Pipridae,dançador-de-coroa-dourada,Golden-crowned Manakin,VU,
Lepidothrix iris,Passeriformes,Piprinae,Pipridae,cabeça-de-prata,Opal-crowned Manakin,VU,
Lepidothrix serena,Passeriformes,Piprinae,Pipridae,uirapuru-estrela,White-fronted Manakin,,
Lepidothrix suavissima,Passeriformes,Piprinae,Pipridae,dançador-do-tepui,Orange-bellied Manakin,,
Manacus manacus,Passeriformes,Piprinae,Pipridae,rendeira,White-bearded Manakin,,
Heterocercus aurantiivertex,Passeriformes,Piprinae,Pipridae,dançarino-de-crista-laranja,Orange-crowned Manakin,,
Heterocercus flavivertex,Passeriformes,Piprinae,Pipridae,dançarino-de-crista-amarela,Yellow-crowned Manakin,,
Heterocercus linteatus,Passeriformes,Piprinae,Pipridae,coroa-de-fogo,Flame-crowned Manakin,,
Machaeropterus regulus,Passeriformes,Piprinae,Pipridae,tangará-rajado,Striped Manakin,,
Machaeropterus striolatus,Passeriformes,Piprinae,Pipridae,tangará-riscado,Western Striped Manakin,,
Machaeropterus pyrocephalus,Passeriformes,Piprinae,Pipridae,uirapuru-cigarra,Fiery-capped Manakin,,
Dixiphia pipra,Passeriformes,Piprinae,Pipridae,cabeça-branca,White-crowned Manakin,,
Xenopipo uniformis,Passeriformes,Ilicurinae,Pipridae,dançarino-oliváceo,Olive Manakin,,
Xenopipo atronitens,Passeriformes,Ilicurinae,Pipridae,pretinho,Black Manakin,,
Ilicura militaris,Passeriformes,Ilicurinae,Pipridae,tangarazinho,Pin-tailed Manakin,,
Corapipo gutturalis,Passeriformes,Ilicurinae,Pipridae,dançarino-de-garganta-branca,White-throated Manakin,,
Chiroxiphia pareola,Passeriformes,Ilicurinae,Pipridae,tangará-príncipe,Blue-backed Manakin,,
Chiroxiphia caudata,Passeriformes,Ilicurinae,Pipridae,tangará,Swallow-tailed Manakin,,
Antilophia bokermanni,Passeriformes,Ilicurinae,Pipridae,soldadinho-do-araripe,Araripe Manakin,CR,
Antilophia galeata,Passeriformes,Ilicurinae,Pipridae,soldadinho,Helmeted Manakin,,
Oxyruncus cristatus,Passeriformes,Ilicurinae,Oxyruncidae,araponga-do-horto,Sharpbill,,
Onychorhynchus coronatus,Passeriformes,Ilicurinae,Onychorhynchidae,maria-leque,Royal Flycatcher,,
Onychorhynchus swainsoni,Passeriformes,Ilicurinae,Onychorhynchidae,maria-leque-do-sudeste,Atlantic Royal Flycatcher,VU,
Terenotriccus erythrurus,Passeriformes,Ilicurinae,Onychorhynchidae,papa-moscas-uirapuru,Ruddy-tailed Flycatcher,,
Myiobius barbatus,Passeriformes,Ilicurinae,Onychorhynchidae,assanhadinho,Whiskered Flycatcher,,
Myiobius atricaudus,Passeriformes,Ilicurinae,Onychorhynchidae,assanhadinho-de-cauda-preta,Black-tailed Flycatcher,,
Schiffornis major,Passeriformes,Schiffornithinae,Tityridae,flautim-ruivo,Varzea Schiffornis,,
Schiffornis virescens,Passeriformes,Schiffornithinae,Tityridae,flautim,Greenish Schiffornis,,
Schiffornis turdina,Passeriformes,Schiffornithinae,Tityridae,flautim-marrom,Thrush-like Schiffornis,,
Schiffornis olivacea,Passeriformes,Schiffornithinae,Tityridae,flautim-oliváceo,Olivaceus Schiffornis,,
Schiffornis amazonum,Passeriformes,Schiffornithinae,Tityridae,flautim-da-amazônia,Amazonian Schiffornis,,
Laniocera hypopyrra,Passeriformes,Schiffornithinae,Tityridae,chorona-cinza,Cinereous Mourner,,
Laniisoma elegans,Passeriformes,Schiffornithinae,Tityridae,chibante,Shrike-like Cotinga,NT,
Iodopleura isabellae,Passeriformes,Tityrinae,Tityridae,anambé-de-coroa,White-browed Purpletuft,,
Iodopleura fusca,Passeriformes,Tityrinae,Tityridae,anambé-fusco,Dusky Purpletuft,,
Iodopleura pipra,Passeriformes,Tityrinae,Tityridae,anambezinho,Buff-throated Purpletuft,EN,
Tityra inquisitor,Passeriformes,Tityrinae,Tityridae,anambé-branco-de-bochecha-parda,Black-crowned Tityra,,
Tityra cayana,Passeriformes,Tityrinae,Tityridae,anambé-branco-de-rabo-preto,Black-tailed Tityra,,
Tityra semifasciata,Passeriformes,Tityrinae,Tityridae,anambé-branco-de-máscara-negra,Masked Tityra,,
Pachyramphus viridis,Passeriformes,Tityrinae,Tityridae,caneleiro-verde,Green-backed Becard,,
Pachyramphus xanthogenys,Passeriformes,Tityrinae,Tityridae,caneleiro-de-cara-amarela,Yellow-cheeked Becard,,
Pachyramphus rufus,Passeriformes,Tityrinae,Tityridae,caneleiro-cinzento,Cinereous Becard,,
Pachyramphus castaneus,Passeriformes,Tityrinae,Tityridae,caneleiro,Chestnut-crowned Becard,,
Pachyramphus polychopterus,Passeriformes,Tityrinae,Tityridae,caneleiro-preto,White-winged Becard,,
Pachyramphus marginatus,Passeriformes,Tityrinae,Tityridae,caneleiro-bordado,Black-capped Becard,,
Pachyramphus surinamus,Passeriformes,Tityrinae,Tityridae,caneleiro-da-guiana,Glossy-backed Becard,,
Pachyramphus minor,Passeriformes,Tityrinae,Tityridae,caneleiro-pequeno,Pink-throated Becard,,
Pachyramphus validus,Passeriformes,Tityrinae,Tityridae,caneleiro-de-chapéu-preto,Crested Becard,,
Xenopsaris albinucha,Passeriformes,Tityrinae,Tityridae,tijerila,White-naped Xenopsaris,,
Pipreola whitelyi,Passeriformes,Pipreolinae,Cotingidae,anambé-de-whitely,Red-banded Fruiteater,,
Carpornis cucullata,Passeriformes,Rupicolinae,Cotingidae,corocoxó,Hooded Berryeater,NT,
Carpornis melanocephala,Passeriformes,Rupicolinae,Cotingidae,sabiá-pimenta,Black-headed Berryeater,VU,
Rupicola rupicola,Passeriformes,Rupicolinae,Cotingidae,galo-da-serra,Guianan Cock-of-the-rock,,
Phoenicircus carnifex,Passeriformes,Rupicolinae,Cotingidae,saurá,Guianan Red-Cotinga,,
Phoenicircus nigricollis,Passeriformes,Rupicolinae,Cotingidae,saurá-de-pescoço-preto,Black-necked Red-Cotinga,,
Phytotoma rutila,Passeriformes,Phytotominae,Cotingidae,corta-ramos,White-tipped Plantcutter,,
Phibalura flavirostris,Passeriformes,Phytotominae,Cotingidae,tesourinha-da-mata,Swallow-tailed Cotinga,NT,
Haematoderus militaris,Passeriformes,Cephalopterinae,Cotingidae,anambé-militar,Crimson Fruitcrow,,
Querula purpurata,Passeriformes,Cephalopterinae,Cotingidae,anambé-una,Purple-throated Fruitcrow,,
Pyroderus scutatus,Passeriformes,Cephalopterinae,Cotingidae,pavó,Red-ruffed Fruitcrow,,
Perissocephalus tricolor,Passeriformes,Cephalopterinae,Cotingidae,maú,Capuchinbird,,
Cephalopterus ornatus,Passeriformes,Cephalopterinae,Cotingidae,anambé-preto,Amazonian Umbrellabird,,
Lipaugus ater,Passeriformes,Cotinginae,Cotingidae,saudade,Black-and-gold Cotinga,NT,
Lipaugus conditus,Passeriformes,Cotinginae,Cotingidae,saudade-de-asa-cinza,Gray-winged Cotinga,VU,
Lipaugus lanioides,Passeriformes,Cotinginae,Cotingidae,tropeiro-da-serra,Cinnamon-vented Piha,NT,
Lipaugus streptophorus,Passeriformes,Cotinginae,Cotingidae,cricrió-de-cinta-vermelha,Rose-collared Piha,,
Lipaugus vociferans,Passeriformes,Cotinginae,Cotingidae,cricrió,Screaming Piha,,
Procnias albus,Passeriformes,Cotinginae,Cotingidae,araponga-da-amazônia,White Bellbird,,
Procnias averano,Passeriformes,Cotinginae,Cotingidae,araponga-do-nordeste,Bearded Bellbird,,
Procnias nudicollis,Passeriformes,Cotinginae,Cotingidae,araponga,Bare-throated Bellbird,VU,
Cotinga maynana,Passeriformes,Cotinginae,Cotingidae,cotinga-azul,Plum-throated Cotinga,,
Cotinga cayana,Passeriformes,Cotinginae,Cotingidae,anambé-azul,Spangled Cotinga,,
Cotinga cotinga,Passeriformes,Cotinginae,Cotingidae,anambé-de-peito-roxo,Purple-breasted Cotinga,,
Cotinga maculata,Passeriformes,Cotinginae,Cotingidae,crejoá,Banded Cotinga,EN,
Porphyrolaema porphyrolaema,Passeriformes,Cotinginae,Cotingidae,cotinga-de-garganta-encarnada,Purple-throated Cotinga,,
Gymnoderus foetidus,Passeriformes,Cotinginae,Cotingidae,anambé-pombo,Bare-necked Fruitcrow,,
Conioptilon mcilhennyi,Passeriformes,Cotinginae,Cotingidae,anambé-de-cara-preta,Black-faced Cotinga,,
Xipholena punicea,Passeriformes,Cotinginae,Cotingidae,bacacu,Pompadour Cotinga,,
Xipholena lamellipennis,Passeriformes,Cotinginae,Cotingidae,bacacu-preto,White-tailed Cotinga,NT,
Xipholena atropurpurea,Passeriformes,Cotinginae,Cotingidae,bacacu-de-asa-branca,White-winged Cotinga,VU,
Piprites chloris,Passeriformes,Cotinginae,Pipritidae,papinho-amarelo,Wing-barred Piprites,,
Piprites pileata,Passeriformes,Cotinginae,Pipritidae,caneleirinho-de-chapéu-preto,Black-capped Piprites,VU,
Calyptura cristata,Passeriformes,Cotinginae,Platyrinchidae,tietê-de-coroa,Kinglet Calyptura,CR,
Neopipo cinnamomea,Passeriformes,Cotinginae,Platyrinchidae,enferrujadinho,Cinnamon Manakin-Tyrant,,
Platyrinchus saturatus,Passeriformes,Cotinginae,Platyrinchidae,patinho-escuro,Cinnamon-crested Spadebill,,
Platyrinchus mystaceus,Passeriformes,Cotinginae,Platyrinchidae,patinho,White-throated Spadebill,,
Platyrinchus coronatus,Passeriformes,Cotinginae,Platyrinchidae,patinho-de-coroa-dourada,Golden-crowned Spadebill,,
Platyrinchus platyrhynchos,Passeriformes,Cotinginae,Platyrinchidae,patinho-de-coroa-branca,White-crested Spadebill,,
Platyrinchus leucoryphus,Passeriformes,Cotinginae,Platyrinchidae,patinho-de-asa-castanha,Russet-winged Spadebill,VU,
Tachuris rubrigastra,Passeriformes,Cotinginae,Tachurisidae,papa-piri,Many-colored Rush Tyrant,,
Taeniotriccus andrei,Passeriformes,Incertae sedis,Rhynchocyclidae,maria-bonita,Black-chested Tyrant,,
Cnipodectes subbrunneus,Passeriformes,Incertae sedis,Rhynchocyclidae,flautim-pardo,Brownish Twistwing,,
Cnipodectes superrufus,Passeriformes,Incertae sedis,Rhynchocyclidae,flautim-rufo,Rufous Twistwing,VU,
Mionectes amazonus,Passeriformes,Pipromorphinae,Rhynchocyclidae,abre-asa-do-acre,Western McConnell's Flycatcher,,
Mionectes oleagineus,Passeriformes,Pipromorphinae,Rhynchocyclidae,abre-asa,Ochre-bellied Flycatcher,,
Mionectes roraimae,Passeriformes,Pipromorphinae,Rhynchocyclidae,abre-asa-do-tepui,Sierra de Lema Flycatcher,,
Mionectes macconnelli,Passeriformes,Pipromorphinae,Rhynchocyclidae,abre-asa-da-mata,McConnell's Flycatcher,,
Mionectes rufiventris,Passeriformes,Pipromorphinae,Rhynchocyclidae,abre-asa-de-cabeça-cinza,Gray-hooded Flycatcher,,
Leptopogon amaurocephalus,Passeriformes,Pipromorphinae,Rhynchocyclidae,cabeçudo,Sepia-capped Flycatcher,,
Corythopis torquatus,Passeriformes,Pipromorphinae,Rhynchocyclidae,estalador-do-norte,Ringed Antpipit,,
Corythopis delalandi,Passeriformes,Pipromorphinae,Rhynchocyclidae,estalador,Southern Antpipit,,
Phylloscartes chapmani,Passeriformes,Pipromorphinae,Rhynchocyclidae,barbudinho-do-tepui,Chapman's Bristle-Tyrant,,
Phylloscartes eximius,Passeriformes,Pipromorphinae,Rhynchocyclidae,barbudinho,Southern Bristle-Tyrant,NT,
Phylloscartes ventralis,Passeriformes,Pipromorphinae,Rhynchocyclidae,borboletinha-do-mato,Mottle-cheeked Tyrannulet,,
Phylloscartes kronei,Passeriformes,Pipromorphinae,Rhynchocyclidae,maria-da-restinga,Restinga Tyrannulet,VU,
Phylloscartes beckeri,Passeriformes,Pipromorphinae,Rhynchocyclidae,borboletinha-baiana,Bahia Tyrannulet,EN,
Phylloscartes virescens,Passeriformes,Pipromorphinae,Rhynchocyclidae,borboletinha-guianense,Olive-green Tyrannulet,,
Phylloscartes nigrifrons,Passeriformes,Pipromorphinae,Rhynchocyclidae,maria-de-testa-preta,Black-fronted Tyrannulet,,
Phylloscartes ceciliae,Passeriformes,Pipromorphinae,Rhynchocyclidae,cara-pintada,Alagoas Tyrannulet,CR,
Phylloscartes roquettei,Passeriformes,Pipromorphinae,Rhynchocyclidae,cara-dourada,Minas Gerais Tyrannulet,EN,
Phylloscartes paulista,Passeriformes,Pipromorphinae,Rhynchocyclidae,não-pode-parar,Sao Paulo Tyrannulet,NT,
Phylloscartes oustaleti,Passeriformes,Pipromorphinae,Rhynchocyclidae,papa-moscas-de-olheiras,Oustalet's Tyrannulet,NT,
Phylloscartes difficilis,Passeriformes,Pipromorphinae,Rhynchocyclidae,estalinho,Serra do Mar Tyrannulet,NT,
Phylloscartes sylviolus,Passeriformes,Pipromorphinae,Rhynchocyclidae,maria-pequena,Bay-ringed Tyrannulet,NT,
Rhynchocyclus olivaceus,Passeriformes,Rhynchocyclinae,Rhynchocyclidae,bico-chato-grande,Olivaceous Flatbill,,
Tolmomyias sulphurescens,Passeriformes,Rhynchocyclinae,Rhynchocyclidae,bico-chato-de-orelha-preta,Yellow-olive Flycatcher,,
Tolmomyias assimilis,Passeriformes,Rhynchocyclinae,Rhynchocyclidae,bico-chato-da-copa,Yellow-margined Flycatcher,,
Tolmomyias sucunduri,Passeriformes,Rhynchocyclinae,Rhynchocyclidae,bico-chato-do-sucunduri,Sucunduri Flycatcher,,
Tolmomyias poliocephalus,Passeriformes,Rhynchocyclinae,Rhynchocyclidae,bico-chato-de-cabeça-cinza,Gray-crowned Flycatcher,,
Tolmomyias flaviventris,Passeriformes,Rhynchocyclinae,Rhynchocyclidae,bico-chato-amarelo,Yellow-breasted Flycatcher,,
Todirostrum maculatum,Passeriformes,Todirostrinae,Rhynchocyclidae,ferreirinho-estriado,Spotted Tody-Flycatcher,,
Todirostrum poliocephalum,Passeriformes,Todirostrinae,Rhynchocyclidae,teque-teque,Gray-headed Tody-Flycatcher,,
Todirostrum cinereum,Passeriformes,Todirostrinae,Rhynchocyclidae,ferreirinho-relógio,Common Tody-Flycatcher,,
Todirostrum pictum,Passeriformes,Todirostrinae,Rhynchocyclidae,ferreirinho-pintado,Painted Tody-Flycatcher,,
Todirostrum chrysocrotaphum,Passeriformes,Todirostrinae,Rhynchocyclidae,ferreirinho-de-sobrancelha,Yellow-browed Tody-Flycatcher,,
Poecilotriccus albifacies,Passeriformes,Todirostrinae,Rhynchocyclidae,ferreirinho-de-cara-branca,White-cheeked Tody-Flycatcher,,
Poecilotriccus capitalis,Passeriformes,Todirostrinae,Rhynchocyclidae,maria-picaça,Black-and-white Tody-Flycatcher,,
Poecilotriccus senex,Passeriformes,Todirostrinae,Rhynchocyclidae,maria-do-madeira,Buff-cheeked Tody-Flycatcher,,
Poecilotriccus russatus,Passeriformes,Todirostrinae,Rhynchocyclidae,ferreirinho-ferrugem,Ruddy Tody-Flycatcher,,
Poecilotriccus plumbeiceps,Passeriformes,Todirostrinae,Rhynchocyclidae,tororó,Ochre-faced Tody-Flycatcher,,
Poecilotriccus fumifrons,Passeriformes,Todirostrinae,Rhynchocyclidae,ferreirinho-de-testa-parda,Smoky-fronted Tody-Flycatcher,,
Poecilotriccus latirostris,Passeriformes,Todirostrinae,Rhynchocyclidae,ferreirinho-de-cara-parda,Rusty-fronted Tody-Flycatcher,,
Poecilotriccus sylvia,Passeriformes,Todirostrinae,Rhynchocyclidae,ferreirinho-da-capoeira,Slate-headed Tody-Flycatcher,,
Myiornis auricularis,Passeriformes,Todirostrinae,Rhynchocyclidae,miudinho,Eared Pygmy-Tyrant,,
Myiornis ecaudatus,Passeriformes,Todirostrinae,Rhynchocyclidae,caçula,Short-tailed Pygmy-Tyrant,,
Hemitriccus cohnhafti,Passeriformes,Todirostrinae,Rhynchocyclidae,maria-sebinha-do-acre,Acre Tody-Tyrant,NT,
Hemitriccus minor,Passeriformes,Todirostrinae,Rhynchocyclidae,maria-sebinha,Snethlage's Tody-Tyrant,,
Hemitriccus flammulatus,Passeriformes,Todirostrinae,Rhynchocyclidae,maria-de-peito-machetado,Flammulated Pygmy-Tyrant,,
Hemitriccus diops,Passeriformes,Todirostrinae,Rhynchocyclidae,olho-falso,Drab-breasted Pygmy-Tyrant,,
Hemitriccus obsoletus,Passeriformes,Todirostrinae,Rhynchocyclidae,catraca,Brown-breasted Pygmy-Tyrant,,
Hemitriccus josephinae,Passeriformes,Todirostrinae,Rhynchocyclidae,maria-bicudinha,Boat-billed Tody-Tyrant,,
Hemitriccus zosterops,Passeriformes,Todirostrinae,Rhynchocyclidae,maria-de-olho-branco,White-eyed Tody-Tyrant,,
Hemitriccus griseipectus,Passeriformes,Todirostrinae,Rhynchocyclidae,maria-de-barriga-branca,White-bellied Tody-Tyrant,,
Hemitriccus orbitatus,Passeriformes,Todirostrinae,Rhynchocyclidae,tiririzinho-do-mato,Eye-ringed Tody-Tyrant,NT,
Hemitriccus iohannis,Passeriformes,Todirostrinae,Rhynchocyclidae,maria-peruviana,Johannes's Tody-Tyrant,,
Hemitriccus striaticollis,Passeriformes,Todirostrinae,Rhynchocyclidae,sebinho-rajado-amarelo,Stripe-necked Tody-Tyrant,,
Hemitriccus nidipendulus,Passeriformes,Todirostrinae,Rhynchocyclidae,tachuri-campainha,Hangnest Tody-Tyrant,,
Hemitriccus margaritaceiventer,Passeriformes,Todirostrinae,Rhynchocyclidae,sebinho-de-olho-de-ouro,Pearly-vented Tody-tyrant,,
Hemitriccus inornatus,Passeriformes,Todirostrinae,Rhynchocyclidae,maria-da-campina,Pelzeln's Tody-Tyrant,,
Hemitriccus minimus,Passeriformes,Todirostrinae,Rhynchocyclidae,maria-mirim,Zimmer's Tody-Tyrant,,
Hemitriccus mirandae,Passeriformes,Todirostrinae,Rhynchocyclidae,maria-do-nordeste,Buff-breasted Tody-Tyrant,VU,
Hemitriccus kaempferi,Passeriformes,Todirostrinae,Rhynchocyclidae,maria-catarinense,Kaempfer's Tody-Tyrant,VU,
Hemitriccus furcatus,Passeriformes,Todirostrinae,Rhynchocyclidae,papa-moscas-estrela,Fork-tailed Pygmy-Tyrant,VU,
Atalotriccus pilaris,Passeriformes,Todirostrinae,Rhynchocyclidae,maria-de-olho-claro,Pale-eyed Pygmy-Tyrant,,
Lophotriccus vitiosus,Passeriformes,Todirostrinae,Rhynchocyclidae,maria-fiteira,Double-banded Pygmy-Tyrant,,
Lophotriccus eulophotes,Passeriformes,Todirostrinae,Rhynchocyclidae,maria-topetuda,Long-crested Pygmy-Tyrant,,
Lophotriccus galeatus,Passeriformes,Todirostrinae,Rhynchocyclidae,caga-sebinho-de-penacho,Helmeted Pygmy-Tyrant,,
Hirundinea ferruginea,Passeriformes,Hirundineinae,Tyrannidae,gibão-de-couro,Cliff Flycatcher,,
Zimmerius chicomendesi,Passeriformes,Elaeniinae,Tyrannidae,poiaeiro-de-chico-mendes,Chico's Tyrannulet,NT,
Zimmerius acer,Passeriformes,Elaeniinae,Tyrannidae,poiaeiro-da-guiana,Guianan Tyrannulet,,
Zimmerius gracilipes,Passeriformes,Elaeniinae,Tyrannidae,poiaeiro-de-pata-fina,Slender-footed Tyrannulet,,
Stigmatura napensis,Passeriformes,Elaeniinae,Tyrannidae,papa-moscas-do-sertão,Lesser Wagtail-Tyrant,,
Stigmatura budytoides,Passeriformes,Elaeniinae,Tyrannidae,alegrinho-balança-rabo,Greater Wagtail-Tyrant,,
Inezia inornata,Passeriformes,Elaeniinae,Tyrannidae,alegrinho-do-chaco,Plain Tyrannulet,,
Inezia subflava,Passeriformes,Elaeniinae,Tyrannidae,amarelinho,Amazonian Tyrannulet,,
Inezia caudata,Passeriformes,Elaeniinae,Tyrannidae,amarelinho-da-amazônia,Pale-tipped Tyrannulet,,
Euscarthmus meloryphus,Passeriformes,Elaeniinae,Tyrannidae,barulhento,Tawny-crowned Pygmy-Tyrant,,
Euscarthmus rufomarginatus,Passeriformes,Elaeniinae,Tyrannidae,maria-corruíra,Rufous-sided Pygmy-Tyrant,NT,
Tyranniscus burmeisteri,Passeriformes,Elaeniinae,Tyrannidae,piolhinho-chiador,Rough-legged Tyrannulet,,
Ornithion inerme,Passeriformes,Elaeniinae,Tyrannidae,poiaeiro-de-sobrancelha,White-lored Tyrannulet,,
Camptostoma obsoletum,Passeriformes,Elaeniinae,Tyrannidae,risadinha,Southern Beardless-Tyrannulet,,
Elaenia flavogaster,Passeriformes,Elaeniinae,Tyrannidae,guaracava-de-barriga-amarela,Yellow-bellied Elaenia,,
Elaenia spectabilis,Passeriformes,Elaeniinae,Tyrannidae,guaracava-grande,Large Elaenia,,
Elaenia ridleyana,Passeriformes,Elaeniinae,Tyrannidae,cocoruta,Noronha Elaenia,VU,
Elaenia chilensis,Passeriformes,Elaeniinae,Tyrannidae,guaracava-de-crista-branca,Chilean Elaenia,,
Elaenia parvirostris,Passeriformes,Elaeniinae,Tyrannidae,tuque-pium,Small-billed Elaenia,,
Elaenia mesoleuca,Passeriformes,Elaeniinae,Tyrannidae,tuque,Olivaceous Elaenia,,
Elaenia pelzelni,Passeriformes,Elaeniinae,Tyrannidae,guaracava-do-rio,Brownish Elaenia,,
Elaenia cristata,Passeriformes,Elaeniinae,Tyrannidae,guaracava-de-topete-uniforme,Plain-crested Elaenia,,
Elaenia chiriquensis,Passeriformes,Elaeniinae,Tyrannidae,chibum,Lesser Elaenia,,
Elaenia ruficeps,Passeriformes,Elaeniinae,Tyrannidae,guaracava-de-topete-vermelho,Rufous-crowned Elaenia,,
Elaenia obscura,Passeriformes,Elaeniinae,Tyrannidae,tucão,Highland Elaenia,,
Elaenia dayi,Passeriformes,Elaeniinae,Tyrannidae,guaracava-dos-tepuis,Great Elaenia,,
Elaenia olivina,Passeriformes,Elaeniinae,Tyrannidae,guaracava-serrana,Roraiman Elaenia,,
Suiriri suiriri,Passeriformes,Elaeniinae,Tyrannidae,suiriri-cinzento,Suiriri Flycatcher,,
Suiriri affinis,Passeriformes,Elaeniinae,Tyrannidae,suiriri-da-chapada,Chapada Flycatcher,NT,
Myiopagis gaimardii,Passeriformes,Elaeniinae,Tyrannidae,maria-pechim,Forest Elaenia,,
Myiopagis caniceps,Passeriformes,Elaeniinae,Tyrannidae,guaracava-cinzenta,Gray Elaenia,,
Myiopagis flavivertex,Passeriformes,Elaeniinae,Tyrannidae,guaracava-de-penacho-amarelo,Yellow-crowned Elaenia,,
Myiopagis viridicata,Passeriformes,Elaeniinae,Tyrannidae,guaracava-de-crista-alaranjada,Greenish Elaenia,,
Tyrannulus elatus,Passeriformes,Elaeniinae,Tyrannidae,maria-te-viu,Yellow-crowned Tyrannulet,,
Capsiempis flaveola,Passeriformes,Elaeniinae,Tyrannidae,marianinha-amarela,Yellow Tyrannulet,,
Phaeomyias murina,Passeriformes,Elaeniinae,Tyrannidae,bagageiro,Mouse-colored Tyrannulet,,
Phyllomyias virescens,Passeriformes,Elaeniinae,Tyrannidae,piolhinho-verdoso,Greenish Tyrannulet,,
Phyllomyias reiseri,Passeriformes,Elaeniinae,Tyrannidae,piolhinho-do-grotão,Reiser's Tyrannulet,,
Phyllomyias fasciatus,Passeriformes,Elaeniinae,Tyrannidae,piolhinho,Planalto Tyrannulet,,
Phyllomyias griseiceps,Passeriformes,Elaeniinae,Tyrannidae,piolhinho-de-cabeça-cinza,Sooty-headed Tyrannulet,,
Phyllomyias griseocapilla,Passeriformes,Elaeniinae,Tyrannidae,piolhinho-serrano,Gray-capped Tyrannulet,NT,
Mecocerculus leucophrys,Passeriformes,Elaeniinae,Tyrannidae,alegrinho-de-garganta-branca,White-throated Tyrannulet,,
Culicivora caudacuta,Passeriformes,Elaeniinae,Tyrannidae,papa-moscas-do-campo,Sharp-tailed Tyrant,VU,
Polystictus pectoralis,Passeriformes,Elaeniinae,Tyrannidae,papa-moscas-canela,Bearded Tachuri,NT,
Polystictus superciliaris,Passeriformes,Elaeniinae,Tyrannidae,papa-moscas-de-costas-cinzentas,Gray-backed Tachuri,,
Pseudocolopteryx sclateri,Passeriformes,Elaeniinae,Tyrannidae,tricolino,Crested Doradito,,
Pseudocolopteryx acutipennis,Passeriformes,Elaeniinae,Tyrannidae,tricolino-oliváceo,Subtropical Doradito,,
Pseudocolopteryx dinelliana,Passeriformes,Elaeniinae,Tyrannidae,tricolino-pardo,Dinelli's Doradito,NT,
Pseudocolopteryx flaviventris,Passeriformes,Elaeniinae,Tyrannidae,amarelinho-do-junco,Warbling Doradito,,
Serpophaga hypoleuca,Passeriformes,Elaeniinae,Tyrannidae,alegrinho-do-rio,River Tyrannulet,,
Serpophaga nigricans,Passeriformes,Elaeniinae,Tyrannidae,joão-pobre,Sooty Tyrannulet,,
Serpophaga subcristata,Passeriformes,Elaeniinae,Tyrannidae,alegrinho,White-crested Tyrannulet,,
Serpophaga griseicapilla,Passeriformes,Elaeniinae,Tyrannidae,alegrinho-trinador,Straneck's Tyrannulet,,
Serpophaga munda,Passeriformes,Elaeniinae,Tyrannidae,alegrinho-de-barriga-branca,White-bellied Tyrannulet,,
Attila phoenicurus,Passeriformes,Tyranninae,Tyrannidae,capitão-castanho,Rufous-tailed Attila,,
Attila cinnamomeus,Passeriformes,Tyranninae,Tyrannidae,tinguaçu-ferrugem,Cinnamon Attila,,
Attila citriniventris,Passeriformes,Tyranninae,Tyrannidae,tinguaçu-de-barriga-amarela,Citron-bellied Attila,,
Attila bolivianus,Passeriformes,Tyranninae,Tyrannidae,bate-pára,Dull-capped Attila,,
Attila rufus,Passeriformes,Tyranninae,Tyrannidae,capitão-de-saíra,Gray-hooded Attila,,
Attila spadiceus,Passeriformes,Tyranninae,Tyrannidae,capitão-de-saíra-amarelo,Bright-rumped Attila,,
Legatus leucophaius,Passeriformes,Tyranninae,Tyrannidae,bem-te-vi-pirata,Piratic Flycatcher,,
Ramphotrigon megacephalum,Passeriformes,Tyranninae,Tyrannidae,maria-cabeçuda,Large-headed Flatbill,,
Ramphotrigon ruficauda,Passeriformes,Tyranninae,Tyrannidae,bico-chato-de-rabo-vermelho,Rufous-tailed Flatbill,,
Ramphotrigon fuscicauda,Passeriformes,Tyranninae,Tyrannidae,maria-de-cauda-escura,Dusky-tailed Flatbill,,
Myiarchus tuberculifer,Passeriformes,Tyranninae,Tyrannidae,maria-cavaleira-pequena,Dusky-capped Flycatcher,,
Myiarchus swainsoni,Passeriformes,Tyranninae,Tyrannidae,irré,Swainson's Flycatcher,,
Myiarchus ferox,Passeriformes,Tyranninae,Tyrannidae,maria-cavaleira,Short-crested Flycatcher,,
Myiarchus tyrannulus,Passeriformes,Tyranninae,Tyrannidae,maria-cavaleira-de-rabo-enferrujado,Brown-crested Flycatcher,,
Sirystes albocinereus,Passeriformes,Tyranninae,Tyrannidae,gritador-de-sobre-branco,White-rumped Sirystes,,
Sirystes subcanescens,Passeriformes,Tyranninae,Tyrannidae,gritador-da-guiana,Todd's Sirystes,,
Sirystes sibilator,Passeriformes,Tyranninae,Tyrannidae,gritador,Sibilant Sirystes,,
Rhytipterna simplex,Passeriformes,Tyranninae,Tyrannidae,vissiá,Grayish Mourner,,
Rhytipterna immunda,Passeriformes,Tyranninae,Tyrannidae,vissiá-cantor,Pale-bellied Mourner,,
Casiornis rufus,Passeriformes,Tyranninae,Tyrannidae,maria-ferrugem,Rufous Casiornis,,
Casiornis fuscus,Passeriformes,Tyranninae,Tyrannidae,caneleiro-enxofre,Ash-throated Casiornis,,
Pitangus sulphuratus,Passeriformes,Tyranninae,Tyrannidae,bem-te-vi,Great Kiskadee,,
Philohydor lictor,Passeriformes,Tyranninae,Tyrannidae,bentevizinho-do-brejo,Lesser Kiskadee,,
Machetornis rixosa,Passeriformes,Tyranninae,Tyrannidae,suiriri-cavaleiro,Cattle Tyrant,,
Myiodynastes luteiventris,Passeriformes,Tyranninae,Tyrannidae,bem-te-vi-de-barriga-sulfúrea,Sulphur-bellied Flycatcher,,
Myiodynastes maculatus,Passeriformes,Tyranninae,Tyrannidae,bem-te-vi-rajado,Streaked Flycatcher,,
Tyrannopsis sulphurea,Passeriformes,Tyranninae,Tyrannidae,suiriri-de-garganta-rajada,Sulphury Flycatcher,,
Megarynchus pitangua,Passeriformes,Tyranninae,Tyrannidae,neinei,Boat-billed Flycatcher,,
Myiozetetes cayanensis,Passeriformes,Tyranninae,Tyrannidae,bentevizinho-de-asa-ferrugínea,Rusty-margined Flycatcher,,
Myiozetetes similis,Passeriformes,Tyranninae,Tyrannidae,bentevizinho-de-penacho-vermelho,Social Flycatcher,,
Myiozetetes granadensis,Passeriformes,Tyranninae,Tyrannidae,bem-te-vi-de-cabeça-cinza,Gray-capped Flycatcher,,
Myiozetetes luteiventris,Passeriformes,Tyranninae,Tyrannidae,bem-te-vi-barulhento,Dusky-chested Flycatcher,,
Tyrannus albogularis,Passeriformes,Tyranninae,Tyrannidae,suiriri-de-garganta-branca,White-throated Kingbird,,
Tyrannus melancholicus,Passeriformes,Tyranninae,Tyrannidae,suiriri,Tropical Kingbird,,
Tyrannus savana,Passeriformes,Tyranninae,Tyrannidae,tesourinha,Fork-tailed Flycatcher,,
Tyrannus tyrannus,Passeriformes,Tyranninae,Tyrannidae,suiriri-valente,Eastern Kingbird,,
Tyrannus dominicensis,Passeriformes,Tyranninae,Tyrannidae,suiriri-cinza,Gray Kingbird,,
Griseotyrannus aurantioatrocristatus,Passeriformes,Tyranninae,Tyrannidae,peitica-de-chapéu-preto,Crowned Slaty Flycatcher,,
Empidonomus varius,Passeriformes,Tyranninae,Tyrannidae,peitica,Variegated Flycatcher,,
Conopias trivirgatus,Passeriformes,Tyranninae,Tyrannidae,bem-te-vi-pequeno,Three-striped Flycatcher,,
Conopias parvus,Passeriformes,Tyranninae,Tyrannidae,bem-te-vi-da-copa,Yellow-throated Flycatcher,,
Colonia colonus,Passeriformes,Fluvicolinae,Tyrannidae,viuvinha,Long-tailed Tyrant,,
Myiophobus roraimae,Passeriformes,Fluvicolinae,Tyrannidae,felipe-do-tepui,Roraiman Flycatcher,,
Myiophobus fasciatus,Passeriformes,Fluvicolinae,Tyrannidae,filipe,Bran-colored Flycatcher,,
Sublegatus obscurior,Passeriformes,Fluvicolinae,Tyrannidae,sertanejo-escuro,Amazonian Scrub-Flycatcher,,
Sublegatus modestus,Passeriformes,Fluvicolinae,Tyrannidae,guaracava-modesta,Southern Scrub-Flycatcher,,
Pyrocephalus rubinus,Passeriformes,Fluvicolinae,Tyrannidae,príncipe,Vermilion Flycatcher,,
Fluvicola pica,Passeriformes,Fluvicolinae,Tyrannidae,lavadeira-do-norte,Pied Water-Tyrant,,
Fluvicola albiventer,Passeriformes,Fluvicolinae,Tyrannidae,lavadeira-de-cara-branca,Black-backed Water-Tyrant,,
Fluvicola nengeta,Passeriformes,Fluvicolinae,Tyrannidae,lavadeira-mascarada,Masked Water-Tyrant,,
Arundinicola leucocephala,Passeriformes,Fluvicolinae,Tyrannidae,freirinha,White-headed Marsh Tyrant,,
Gubernetes yetapa,Passeriformes,Fluvicolinae,Tyrannidae,tesoura-do-brejo,Streamer-tailed Tyrant,,
Alectrurus tricolor,Passeriformes,Fluvicolinae,Tyrannidae,galito,Cock-tailed Tyrant,VU,
Alectrurus risora,Passeriformes,Fluvicolinae,Tyrannidae,tesoura-do-campo,Strange-tailed Tyrant,VU,
Ochthornis littoralis,Passeriformes,Fluvicolinae,Tyrannidae,maria-da-praia,Drab Water Tyrant,,
Cnemotriccus fuscatus,Passeriformes,Fluvicolinae,Tyrannidae,guaracavuçu,Fuscous Flycatcher,,
Lathrotriccus euleri,Passeriformes,Fluvicolinae,Tyrannidae,enferrujado,Euler's Flycatcher,,
Empidonax alnorum,Passeriformes,Fluvicolinae,Tyrannidae,papa-moscas-de-alder,Alder Flycatcher,,
Contopus cooperi,Passeriformes,Fluvicolinae,Tyrannidae,piuí-boreal,Olive-sided Flycatcher,NT,
Contopus fumigatus,Passeriformes,Fluvicolinae,Tyrannidae,piuí-de-topete,Smoke-colored Pewee,,
Contopus virens,Passeriformes,Fluvicolinae,Tyrannidae,piuí,Eastern Wood-Pewee,,
Contopus cinereus,Passeriformes,Fluvicolinae,Tyrannidae,papa-moscas-cinzento,Tropical Pewee,,
Contopus albogularis,Passeriformes,Fluvicolinae,Tyrannidae,piui-queixado,White-throated Pewee,,
Contopus nigrescens,Passeriformes,Fluvicolinae,Tyrannidae,piui-preto,Blackish Pewee,,
Lessonia rufa,Passeriformes,Fluvicolinae,Tyrannidae,colegial,Austral Negrito,,
Knipolegus striaticeps,Passeriformes,Fluvicolinae,Tyrannidae,maria-preta-acinzentada,Cinereous Tyrant,,
Knipolegus hudsoni,Passeriformes,Fluvicolinae,Tyrannidae,maria-preta-do-sul,Hudson's Black-Tyrant,,
Knipolegus poecilocercus,Passeriformes,Fluvicolinae,Tyrannidae,pretinho-do-igapó,Amazonian Black-Tyrant,,
Knipolegus cyanirostris,Passeriformes,Fluvicolinae,Tyrannidae,maria-preta-de-bico-azulado,Blue-billed Black-Tyrant,,
Knipolegus poecilurus,Passeriformes,Fluvicolinae,Tyrannidae,maria-preta-de-cauda-ruiva,Rufous-tailed Tyrant,,
Knipolegus orenocensis,Passeriformes,Fluvicolinae,Tyrannidae,maria-preta-ribeirinha,Riverside Tyrant,,
Knipolegus aterrimus,Passeriformes,Fluvicolinae,Tyrannidae,maria-preta-bate-rabo,White-winged Black-Tyrant,,
Knipolegus franciscanus,Passeriformes,Fluvicolinae,Tyrannidae,maria-preta-do-nordeste,Caatinga Black-Tyrant,,
Knipolegus lophotes,Passeriformes,Fluvicolinae,Tyrannidae,maria-preta-de-penacho,Crested Black-Tyrant,,
Knipolegus nigerrimus,Passeriformes,Fluvicolinae,Tyrannidae,maria-preta-de-garganta-vermelha,Velvety Black-Tyrant,,
Hymenops perspicillatus,Passeriformes,Fluvicolinae,Tyrannidae,viuvinha-de-óculos,Spectacled Tyrant,,
Satrapa icterophrys,Passeriformes,Fluvicolinae,Tyrannidae,suiriri-pequeno,Yellow-browed Tyrant,,
Muscisaxicola fluviatilis,Passeriformes,Fluvicolinae,Tyrannidae,gaúcha-d'água,Little Ground-Tyrant,,
Muscisaxicola maclovianus,Passeriformes,Fluvicolinae,Tyrannidae,gaúcha-de-cara-suja,Dark-faced Ground-Tyrant,,
Xolmis cinereus,Passeriformes,Fluvicolinae,Tyrannidae,primavera,Gray Monjita,,
Xolmis coronatus,Passeriformes,Fluvicolinae,Tyrannidae,noivinha-coroada,Black-crowned Monjita,,
Xolmis velatus,Passeriformes,Fluvicolinae,Tyrannidae,noivinha-branca,White-rumped Monjita,,
Xolmis irupero,Passeriformes,Fluvicolinae,Tyrannidae,noivinha,White Monjita,,
Xolmis rubetra,Passeriformes,Fluvicolinae,Tyrannidae,noivinha-castanha,Rusty-backed Monjita,,
Xolmis dominicanus,Passeriformes,Fluvicolinae,Tyrannidae,noivinha-de-rabo-preto,Black-and-white Monjita,VU,
Agriornis micropterus,Passeriformes,Fluvicolinae,Tyrannidae,gaúcho-de-barriga-cinza,Gray-bellied Shrike-tyrant,,
Agriornis murinus,Passeriformes,Fluvicolinae,Tyrannidae,gauchinho,Lesser Shrike-tyrant,,
Neoxolmis rufiventris,Passeriformes,Fluvicolinae,Tyrannidae,gaúcho-chocolate,Chocolate-vented Tyrant,,
Muscipipra vetula,Passeriformes,Fluvicolinae,Tyrannidae,tesoura-cinzenta,Shear-tailed Gray Tyrant,,
Cyclarhis gujanensis,Passeriformes,Fluvicolinae,Vireonidae,pitiguari,Rufous-browed Peppershrike,,
Vireolanius leucotis,Passeriformes,Fluvicolinae,Vireonidae,assobiador-do-castanhal,Slaty-capped Shrike-Vireo,,
Hylophilus amaurocephalus,Passeriformes,Fluvicolinae,Vireonidae,vite-vite-de-olho-cinza,Gray-eyed Greenlet,,
Hylophilus poicilotis,Passeriformes,Fluvicolinae,Vireonidae,verdinho-coroado,Rufous-crowned Greenlet,,
Hylophilus pectoralis,Passeriformes,Fluvicolinae,Vireonidae,vite-vite-de-cabeça-cinza,Ashy-headed Greenlet,,
Hylophilus semicinereus,Passeriformes,Fluvicolinae,Vireonidae,verdinho-da-várzea,Gray-chested Greenlet,,
Hylophilus brunneiceps,Passeriformes,Fluvicolinae,Vireonidae,vite-vite-de-cabeça-marrom,Brown-headed Greenlet,,
Hylophilus thoracicus,Passeriformes,Fluvicolinae,Vireonidae,vite-vite,Lemon-chested Greenlet,,
Tunchiornis ochraceiceps,Passeriformes,Fluvicolinae,Vireonidae,vite-vite-uirapuru,Tawny-crowned Greenlet,,
Pachysylvia hypoxantha,Passeriformes,Fluvicolinae,Vireonidae,vite-vite-de-barriga-amarela,Dusky-capped Greenlet,,
Pachysylvia muscicapina,Passeriformes,Fluvicolinae,Vireonidae,vite-vite-camurça,Buff-cheeked Greenlet,,
Vireo sclateri,Passeriformes,Fluvicolinae,Vireonidae,vite-vite-do-tepui,Tepui Vireo,,
Vireo olivaceus,Passeriformes,Fluvicolinae,Vireonidae,juruviara-boreal,Red-eyed Vireo,,
Vireo chivi,Passeriformes,Fluvicolinae,Vireonidae,juruviara,Chivi Vireo,,
Vireo gracilirostris,Passeriformes,Fluvicolinae,Vireonidae,sebito,Noronha Vireo,NT,
Vireo flavoviridis,Passeriformes,Fluvicolinae,Vireonidae,juruviara-verde-amarelada,Yellow-green Vireo,,
Vireo altiloquus,Passeriformes,Fluvicolinae,Vireonidae,juruviara-barbuda,Black-whiskered Vireo,,
Cyanocorax violaceus,Passeriformes,Fluvicolinae,Corvidae,gralha-violácea,Violaceous Jay,,
Cyanocorax cyanomelas,Passeriformes,Fluvicolinae,Corvidae,gralha-do-pantanal,Purplish Jay,,
Cyanocorax caeruleus,Passeriformes,Fluvicolinae,Corvidae,gralha-azul,Azure Jay,NT,
Cyanocorax cristatellus,Passeriformes,Fluvicolinae,Corvidae,gralha-do-campo,Curl-crested Jay,,
Cyanocorax cayanus,Passeriformes,Fluvicolinae,Corvidae,gralha-da-guiana,Cayenne Jay,,
Cyanocorax heilprini,Passeriformes,Fluvicolinae,Corvidae,gralha-de-nuca-azul,Azure-naped Jay,,
Cyanocorax hafferi,Passeriformes,Fluvicolinae,Corvidae,cancão-da-campina,Campina Jay,NT,
Cyanocorax chrysops,Passeriformes,Fluvicolinae,Corvidae,gralha-picaça,Plush-crested Jay,,
Cyanocorax cyanopogon,Passeriformes,Fluvicolinae,Corvidae,gralha-cancã,White-naped Jay,,
Pygochelidon cyanoleuca,Passeriformes,Fluvicolinae,Hirundinidae,andorinha-pequena-de-casa,Blue-and-white Swallow,,
Pygochelidon melanoleuca,Passeriformes,Fluvicolinae,Hirundinidae,andorinha-de-coleira,Black-collared Swallow,,
Alopochelidon fucata,Passeriformes,Fluvicolinae,Hirundinidae,andorinha-morena,Tawny-headed Swallow,,
Atticora fasciata,Passeriformes,Fluvicolinae,Hirundinidae,peitoril,White-banded Swallow,,
Atticora tibialis,Passeriformes,Fluvicolinae,Hirundinidae,calcinha-branca,White-thighed Swallow,,
Stelgidopteryx ruficollis,Passeriformes,Fluvicolinae,Hirundinidae,andorinha-serradora,Southern Rough-winged Swallow,,
Progne tapera,Passeriformes,Fluvicolinae,Hirundinidae,andorinha-do-campo,Brown-chested Martin,,
Progne subis,Passeriformes,Fluvicolinae,Hirundinidae,andorinha-azul,Purple Martin,,
Progne chalybea,Passeriformes,Fluvicolinae,Hirundinidae,andorinha-grande,Gray-breasted Martin,,
Progne elegans,Passeriformes,Fluvicolinae,Hirundinidae,andorinha-do-sul,Southern Martin,,
Tachycineta albiventer,Passeriformes,Fluvicolinae,Hirundinidae,andorinha-do-rio,White-winged Swallow,,
Tachycineta leucorrhoa,Passeriformes,Fluvicolinae,Hirundinidae,andorinha-de-sobre-branco,White-rumped Swallow,,
Tachycineta leucopyga,Passeriformes,Fluvicolinae,Hirundinidae,andorinha-chilena,Chilean Swallow,,
Riparia riparia,Passeriformes,Fluvicolinae,Hirundinidae,andorinha-do-barranco,Bank Swallow,,
Hirundo rustica,Passeriformes,Fluvicolinae,Hirundinidae,andorinha-de-bando,Barn Swallow,,
Petrochelidon pyrrhonota,Passeriformes,Fluvicolinae,Hirundinidae,andorinha-de-dorso-acanelado,Cliff Swallow,,
Microcerculus marginatus,Passeriformes,Fluvicolinae,Troglodytidae,uirapuru-veado,Scaly-breasted Wren,,
Microcerculus ustulatus,Passeriformes,Fluvicolinae,Troglodytidae,flautista-do-tepui,Flutist Wren,,
Microcerculus bambla,Passeriformes,Fluvicolinae,Troglodytidae,uirapuru-de-asa-branca,Wing-banded Wren,,
Odontorchilus cinereus,Passeriformes,Fluvicolinae,Troglodytidae,cambaxirra-cinzenta,Tooth-billed Wren,NT,
Troglodytes musculus,Passeriformes,Fluvicolinae,Troglodytidae,corruíra,Southern House Wren,,
Troglodytes rufulus,Passeriformes,Fluvicolinae,Troglodytidae,corruíra-do-tepui,Tepui Wren,,
Cistothorus platensis,Passeriformes,Fluvicolinae,Troglodytidae,corruíra-do-campo,Sedge Wren,,
Campylorhynchus griseus,Passeriformes,Fluvicolinae,Troglodytidae,garrincha-dos-lhanos,Bicolored Wren,,
Campylorhynchus turdinus,Passeriformes,Fluvicolinae,Troglodytidae,catatau,Thrush-like Wren,,
Pheugopedius genibarbis,Passeriformes,Fluvicolinae,Troglodytidae,garrinchão-pai-avô,Moustached Wren,,
Pheugopedius coraya,Passeriformes,Fluvicolinae,Troglodytidae,garrinchão-coraia,Coraya Wren,,
Cantorchilus leucotis,Passeriformes,Fluvicolinae,Troglodytidae,garrinchão-de-barriga-vermelha,Buff-breasted Wren,,
Cantorchilus guarayanus,Passeriformes,Fluvicolinae,Troglodytidae,garrincha-do-oeste,Fawn-breasted Wren,,
Cantorchilus longirostris,Passeriformes,Fluvicolinae,Troglodytidae,garrinchão-de-bico-grande,Long-billed Wren,,
Cantorchilus griseus,Passeriformes,Fluvicolinae,Troglodytidae,garrincha-cinza,Gray Wren,,
Henicorhina leucosticta,Passeriformes,Fluvicolinae,Troglodytidae,uirapuru-de-peito-branco,White-breasted Wood-Wren,,
Cyphorhinus arada,Passeriformes,Fluvicolinae,Troglodytidae,uirapuru,Musician Wren,,
Donacobius atricapilla,Passeriformes,Fluvicolinae,Donacobiidae,japacanim,Black-capped Donacobius,,
Microbates collaris,Passeriformes,Fluvicolinae,Polioptilidae,chirito-de-coleira,Collared Gnatwren,,
Ramphocaenus melanurus,Passeriformes,Fluvicolinae,Polioptilidae,chirito,Long-billed Gnatwren,,
Ramphocaenus sticturus,Passeriformes,Fluvicolinae,Polioptilidae,chirito-do-bambu,Chattering Gnatwren,,
Polioptila plumbea,Passeriformes,Fluvicolinae,Polioptilidae,balança-rabo-de-chapéu-preto,Tropical Gnatcatcher,,
Polioptila lactea,Passeriformes,Fluvicolinae,Polioptilidae,balança-rabo-leitoso,Creamy-bellied Gnatcatcher,NT,
Polioptila guianensis,Passeriformes,Fluvicolinae,Polioptilidae,balança-rabo-guianense,Guianan Gnatcatcher,,
Polioptila paraensis,Passeriformes,Fluvicolinae,Polioptilidae,balança-rabo-paraense,Para Gnatcatcher,,
Polioptila attenboroughi,Passeriformes,Fluvicolinae,Polioptilidae,balança-rabo-do-inambari,Inambari Gnatcatcher,,
Polioptila facilis,Passeriformes,Fluvicolinae,Polioptilidae,balança-rabo-do-rio-negro,Rio Negro Gnatcatcher,,
Polioptila dumicola,Passeriformes,Fluvicolinae,Polioptilidae,balança-rabo-de-máscara,Masked Gnatcatcher,,
Catharus fuscescens,Passeriformes,Fluvicolinae,Turdidae,sabiá-norte-americano,Veery,,
Catharus minimus,Passeriformes,Fluvicolinae,Turdidae,sabiá-de-cara-cinza,Gray-cheeked Thrush,,
Catharus swainsoni,Passeriformes,Fluvicolinae,Turdidae,sabiá-de-óculos,Swainson's Thrush,,
Cichlopsis leucogenys,Passeriformes,Fluvicolinae,Turdidae,sabiá-castanho,Rufous-brown Solitaire,EN,
Turdus iliacus,Passeriformes,Fluvicolinae,Turdidae,sabiá-ruivo,Redwing,NT,
Turdus leucops,Passeriformes,Fluvicolinae,Turdidae,sabiá-preto,Pale-eyed Thrush,,
Turdus flavipes,Passeriformes,Fluvicolinae,Turdidae,sabiá-una,Yellow-legged Thrush,,
Turdus leucomelas,Passeriformes,Fluvicolinae,Turdidae,sabiá-branco,Pale-breasted Thrush,,
Turdus fumigatus,Passeriformes,Fluvicolinae,Turdidae,sabiá-da-mata,Cocoa Thrush,,
Turdus hauxwelli,Passeriformes,Fluvicolinae,Turdidae,sabiá-bicolor,Hauxwell's Thrush,,
Turdus rufiventris,Passeriformes,Fluvicolinae,Turdidae,sabiá-laranjeira,Rufous-bellied Thrush,,
Turdus nudigenis,Passeriformes,Fluvicolinae,Turdidae,caraxué,Spectacled Thrush,,
Turdus sanchezorum,Passeriformes,Fluvicolinae,Turdidae,sabiá-da-várzea,Varzea Thrush,,
Turdus lawrencii,Passeriformes,Fluvicolinae,Turdidae,caraxué-de-bico-amarelo,Lawrence's Thrush,,
Turdus amaurochalinus,Passeriformes,Fluvicolinae,Turdidae,sabiá-poca,Creamy-bellied Thrush,,
Turdus ignobilis,Passeriformes,Fluvicolinae,Turdidae,caraxué-de-bico-preto,Black-billed Thrush,,
Turdus olivater,Passeriformes,Fluvicolinae,Turdidae,sabiá-de-cabeça-preta,Black-hooded Thrush,,
Turdus subalaris,Passeriformes,Fluvicolinae,Turdidae,sabiá-ferreiro,Eastern Slaty Thrush,,
Turdus albicollis,Passeriformes,Fluvicolinae,Turdidae,sabiá-coleira,White-necked Thrush,,
Mimus gilvus,Passeriformes,Fluvicolinae,Mimidae,sabiá-da-praia,Tropical Mockingbird,,
Mimus saturninus,Passeriformes,Fluvicolinae,Mimidae,sabiá-do-campo,Chalk-browed Mockingbird,,
Mimus triurus,Passeriformes,Fluvicolinae,Mimidae,calhandra-de-três-rabos,White-banded Mockingbird,,
Anthus lutescens,Passeriformes,Fluvicolinae,Motacillidae,caminheiro-zumbidor,Yellowish Pipit,,
Anthus furcatus,Passeriformes,Fluvicolinae,Motacillidae,caminheiro-de-unha-curta,Short-billed Pipit,,
Anthus correndera,Passeriformes,Fluvicolinae,Motacillidae,caminheiro-de-espora,Correndera Pipit,,
Anthus nattereri,Passeriformes,Fluvicolinae,Motacillidae,caminheiro-grande,Ochre-breasted Pipit,VU,
Anthus hellmayri,Passeriformes,Fluvicolinae,Motacillidae,caminheiro-de-barriga-acanelada,Hellmayr's Pipit,,
Zonotrichia capensis,Passeriformes,Fluvicolinae,Passerellidae,tico-tico,Rufous-collared Sparrow,,
Ammodramus humeralis,Passeriformes,Fluvicolinae,Passerellidae,tico-tico-do-campo,Grassland Sparrow,,
Ammodramus aurifrons,Passeriformes,Fluvicolinae,Passerellidae,cigarrinha-do-campo,Yellow-browed Sparrow,,
Arremonops conirostris,Passeriformes,Fluvicolinae,Passerellidae,tico-tico-cantor,Black-striped Sparrow,,
Arremon taciturnus,Passeriformes,Fluvicolinae,Passerellidae,tico-tico-de-bico-preto,Pectoral Sparrow,,
Arremon semitorquatus,Passeriformes,Fluvicolinae,Passerellidae,tico-tico-do-mato,Half-collared Sparrow,,
Arremon franciscanus,Passeriformes,Fluvicolinae,Passerellidae,tico-tico-do-são-francisco,Sao Francisco Sparrow,NT,
Arremon flavirostris,Passeriformes,Fluvicolinae,Passerellidae,tico-tico-de-bico-amarelo,Saffron-billed Sparrow,,
Atlapetes personatus,Passeriformes,Fluvicolinae,Passerellidae,tico-tico-do-tepui,Tepui Brushfinch,,
Protonotaria citrea,Passeriformes,Fluvicolinae,Parulidae,mariquita-protonotária,Prothonotary Warbler,,
Parkesia noveboracensis,Passeriformes,Fluvicolinae,Parulidae,mariquita-boreal,Northern Waterthrush,,
Setophaga ruticilla,Passeriformes,Fluvicolinae,Parulidae,mariquita-de-rabo-vermelho,American Redstart,,
Setophaga cerulea,Passeriformes,Fluvicolinae,Parulidae,mariquita-azul,Cerulean Warbler,VU,
Setophaga pitiayumi,Passeriformes,Fluvicolinae,Parulidae,mariquita,Tropical Parula,,
Setophaga petechia,Passeriformes,Fluvicolinae,Parulidae,mariquita-amarela,Yellow Warbler,,
Setophaga striata,Passeriformes,Fluvicolinae,Parulidae,mariquita-de-perna-clara,Blackpoll Warbler,NT,
Setophaga fusca,Passeriformes,Fluvicolinae,Parulidae,mariquita-papo-de-fogo,Blackburnian Warbler,,
Setophaga virens,Passeriformes,Fluvicolinae,Parulidae,mariquita-de-garganta-preta,Black-throated Green Warbler ,,
Geothlypis agilis,Passeriformes,Fluvicolinae,Parulidae,mariquita-de-connecticut,Connecticut Warbler,,
Geothlypis aequinoctialis,Passeriformes,Fluvicolinae,Parulidae,pia-cobra,Masked Yellowthroat,,
Cardellina canadensis,Passeriformes,Fluvicolinae,Parulidae,mariquita-do-canadá,Canada Warbler,,
Myioborus miniatus,Passeriformes,Fluvicolinae,Parulidae,mariquita-cinza,Slate-throated Redstart,,
Myioborus castaneocapilla,Passeriformes,Fluvicolinae,Parulidae,mariquita-de-cabeça-parda,Tepui Redstart,,
Basileuterus culicivorus,Passeriformes,Fluvicolinae,Parulidae,pula-pula,Golden-crowned Warbler,,
Myiothlypis bivittata,Passeriformes,Fluvicolinae,Parulidae,pula-pula-de-duas-fitas,Two-banded Warbler,,
Myiothlypis flaveola,Passeriformes,Fluvicolinae,Parulidae,canário-do-mato,Flavescent Warbler,,
Myiothlypis leucoblephara,Passeriformes,Fluvicolinae,Parulidae,pula-pula-assobiador,White-browed Warbler,,
Myiothlypis leucophrys,Passeriformes,Fluvicolinae,Parulidae,pula-pula-de-sobrancelha,White-striped Warbler,,
Myiothlypis fulvicauda,Passeriformes,Fluvicolinae,Parulidae,pula-pula-de-cauda-avermelhada,Buff-rumped Warbler,,
Myiothlypis mesoleuca,Passeriformes,Fluvicolinae,Parulidae,pula-pula-da-guiana,Riverside Warbler,,
Myiothlypis rivularis,Passeriformes,Fluvicolinae,Parulidae,pula-pula-ribeirinho,Neotropical River Warbler,,
Psarocolius angustifrons,Passeriformes,Fluvicolinae,Icteridae,japu-pardo,Russet-backed Oropendola,,
Psarocolius viridis,Passeriformes,Fluvicolinae,Icteridae,japu-verde,Green Oropendola,,
Psarocolius decumanus,Passeriformes,Fluvicolinae,Icteridae,japu,Crested Oropendola,,
Psarocolius bifasciatus,Passeriformes,Fluvicolinae,Icteridae,japuguaçu,Olive Oropendola,,
Procacicus solitarius,Passeriformes,Fluvicolinae,Icteridae,iraúna-de-bico-branco,Solitary Black Cacique,,
Cacicus chrysopterus,Passeriformes,Fluvicolinae,Icteridae,japuíra,Golden-winged Cacique,,
Cacicus haemorrhous,Passeriformes,Fluvicolinae,Icteridae,guaxe,Red-rumped Cacique,,
Cacicus oseryi,Passeriformes,Fluvicolinae,Icteridae,japu-de-capacete,Casqued Cacique,,
Cacicus latirostris,Passeriformes,Fluvicolinae,Icteridae,japu-de-rabo-verde,Band-tailed Cacique,,
Cacicus koepckeae,Passeriformes,Fluvicolinae,Icteridae,tecelão-do-acre,Selva Cacique,EN,
Cacicus cela,Passeriformes,Fluvicolinae,Icteridae,xexéu,Yellow-rumped Cacique,,
Icterus cayanensis,Passeriformes,Fluvicolinae,Icteridae,inhapim,Epaulet Oriole,,
Icterus pyrrhopterus,Passeriformes,Fluvicolinae,Icteridae,encontro,Variable Oriole,,
Icterus chrysocephalus,Passeriformes,Fluvicolinae,Icteridae,rouxinol-do-rio-negro,Moriche Oriole,,
Icterus nigrogularis,Passeriformes,Fluvicolinae,Icteridae,joão-pinto-amarelo,Yellow Oriole,,
Icterus jamacaii,Passeriformes,Fluvicolinae,Icteridae,corrupião,Campo Troupial,,
Icterus croconotus,Passeriformes,Fluvicolinae,Icteridae,joão-pinto,Orange-backed Troupial,,
Macroagelaius imthurni,Passeriformes,Fluvicolinae,Icteridae,iraúna-da-guiana,Golden-tufted Grackle,,
Gymnomystax mexicanus,Passeriformes,Fluvicolinae,Icteridae,iratauá-grande,Oriole Blackbird,,
Lampropsar tanagrinus,Passeriformes,Fluvicolinae,Icteridae,iraúna-velada,Velvet-fronted Grackle,,
Gnorimopsar chopi,Passeriformes,Fluvicolinae,Icteridae,pássaro-preto,Chopi Blackbird,,
Anumara forbesi,Passeriformes,Fluvicolinae,Icteridae,anumará,Forbes's Blackbird,EN,
Amblyramphus holosericeus,Passeriformes,Fluvicolinae,Icteridae,cardeal-do-banhado,Scarlet-headed Blackbird,,
Agelasticus cyanopus,Passeriformes,Fluvicolinae,Icteridae,carretão,Unicolored Blackbird,,
Agelasticus thilius,Passeriformes,Fluvicolinae,Icteridae,sargento,Yellow-winged Blackbird,,
Chrysomus ruficapillus,Passeriformes,Fluvicolinae,Icteridae,garibaldi,Chestnut-capped Blackbird,,
Chrysomus icterocephalus,Passeriformes,Fluvicolinae,Icteridae,iratauá-pequeno,Yellow-hooded Blackbird,,
Xanthopsar flavus,Passeriformes,Fluvicolinae,Icteridae,veste-amarela,Saffron-cowled Blackbird,VU,
Pseudoleistes guirahuro,Passeriformes,Fluvicolinae,Icteridae,chopim-do-brejo,Yellow-rumped Marshbird,,
Pseudoleistes virescens,Passeriformes,Fluvicolinae,Icteridae,dragão,Brown-and-yellow Marshbird,,
Agelaioides badius,Passeriformes,Fluvicolinae,Icteridae,asa-de-telha,Grayish Baywing,,
Agelaioides fringillarius,Passeriformes,Fluvicolinae,Icteridae,asa-de-telha-pálido,Pale Baywing,,
Molothrus rufoaxillaris,Passeriformes,Fluvicolinae,Icteridae,chupim-azeviche,Screaming Cowbird,,
Molothrus oryzivorus,Passeriformes,Fluvicolinae,Icteridae,iraúna-grande,Giant Cowbird,,
Molothrus bonariensis,Passeriformes,Fluvicolinae,Icteridae,chupim,Shiny Cowbird,,
Quiscalus lugubris,Passeriformes,Fluvicolinae,Icteridae,iraúna-do-norte,Carib Grackle,,
Sturnella militaris,Passeriformes,Fluvicolinae,Icteridae,polícia-inglesa-do-norte,Red-breasted Meadowlark,,
Sturnella superciliaris,Passeriformes,Fluvicolinae,Icteridae,polícia-inglesa-do-sul,White-browed Meadowlark,,
Sturnella defilippii,Passeriformes,Fluvicolinae,Icteridae,peito-vermelho-grande,Pampas Meadowlark,VU,
Sturnella magna,Passeriformes,Fluvicolinae,Icteridae,pedro-ceroulo,Eastern Meadowlark,NT,
Dolichonyx oryzivorus,Passeriformes,Fluvicolinae,Icteridae,triste-pia,Bobolink,,
Lamprospiza melanoleuca,Passeriformes,Fluvicolinae,Mitrospingidae,pipira-de-bico-vermelho,Red-billed Pied Tanager,,
Mitrospingus oleagineus,Passeriformes,Fluvicolinae,Mitrospingidae,pipira-olivácea,Olive-backed Tanager,,
Orthogonys chloricterus,Passeriformes,Fluvicolinae,Mitrospingidae,catirumbava,Olive-green Tanager,,
Rhopospina fruticeti,Passeriformes,Porphyrospizinae,Thraupidae,canário-andino-negro,Mourning Sierra-Finch,,
Porphyrospiza caerulescens,Passeriformes,Porphyrospizinae,Thraupidae,campainha-azul,Blue Finch,NT,
Parkerthraustes humeralis,Passeriformes,Orchesticinae,Thraupidae,furriel-de-encontro,Yellow-shouldered Grosbeak,,
Orchesticus abeillei,Passeriformes,Orchesticinae,Thraupidae,sanhaço-pardo,Brown Tanager,NT,
Pipraeidea melanonota,Passeriformes,Thraupinae,Thraupidae,saíra-viúva,Fawn-breasted Tanager,,
Pipraeidea bonariensis,Passeriformes,Thraupinae,Thraupidae,sanhaço-papa-laranja,Blue-and-yellow Tanager,,
Neothraupis fasciata,Passeriformes,Thraupinae,Thraupidae,cigarra-do-campo,White-banded Tanager,NT,
Gubernatrix cristata,Passeriformes,Thraupinae,Thraupidae,cardeal-amarelo,Yellow Cardinal,EN,
Hedyglossa diuca,Passeriformes,Thraupinae,Thraupidae,diuca,Common Diuca-Finch,,
Stephanophorus diadematus,Passeriformes,Thraupinae,Thraupidae,sanhaço-frade,Diademed Tanager,,
Cissopis leverianus,Passeriformes,Thraupinae,Thraupidae,tietinga,Magpie Tanager,,
Schistochlamys melanopis,Passeriformes,Thraupinae,Thraupidae,sanhaço-de-coleira,Black-faced Tanager,,
Schistochlamys ruficapillus,Passeriformes,Thraupinae,Thraupidae,bico-de-veludo,Cinnamon Tanager,,
Paroaria coronata,Passeriformes,Thraupinae,Thraupidae,cardeal,Red-crested Cardinal,,
Paroaria dominicana,Passeriformes,Thraupinae,Thraupidae,cardeal-do-nordeste,Red-cowled Cardinal,,
Paroaria baeri,Passeriformes,Thraupinae,Thraupidae,cardeal-do-araguaia,Araguaia Cardinal,,
Paroaria xinguensis,Passeriformes,Thraupinae,Thraupidae,cardeal-do-xingu,Xingu Cardinal,,
Paroaria gularis,Passeriformes,Thraupinae,Thraupidae,cardeal-da-amazônia,Red-capped Cardinal,,
Paroaria cervicalis,Passeriformes,Thraupinae,Thraupidae,cardeal-da-bolívia,Bolivian Cardinal,,
Paroaria capitata,Passeriformes,Thraupinae,Thraupidae,cavalaria,Yellow-billed Cardinal,,
Tangara gyrola,Passeriformes,Thraupinae,Thraupidae,saíra-de-cabeça-castanha,Bay-headed Tanager,,
Tangara schrankii,Passeriformes,Thraupinae,Thraupidae,saíra-ouro,Green-and-gold Tanager,,
Tangara mexicana,Passeriformes,Thraupinae,Thraupidae,saíra-de-bando,Turquoise Tanager,,
Tangara brasiliensis,Passeriformes,Thraupinae,Thraupidae,cambada-de-chaves,White-bellied Tanager,,
Tangara chilensis,Passeriformes,Thraupinae,Thraupidae,sete-cores-da-amazônia,Paradise Tanager,,
Tangara velia,Passeriformes,Thraupinae,Thraupidae,saíra-diamante,Opal-rumped Tanager,,
Tangara cyanomelas,Passeriformes,Thraupinae,Thraupidae,saíra-pérola,Silver-breasted Tanager,,
Tangara callophrys,Passeriformes,Thraupinae,Thraupidae,saíra-opala,Opal-crowned Tanager,,
Tangara seledon,Passeriformes,Thraupinae,Thraupidae,saíra-sete-cores,Green-headed Tanager,,
Tangara fastuosa,Passeriformes,Thraupinae,Thraupidae,pintor,Seven-colored Tanager,VU,
Tangara cyanocephala,Passeriformes,Thraupinae,Thraupidae,saíra-militar,Red-necked Tanager,,
Tangara cyanoventris,Passeriformes,Thraupinae,Thraupidae,saíra-douradinha,Gilt-edged Tanager,,
Tangara desmaresti,Passeriformes,Thraupinae,Thraupidae,saíra-lagarta,Brassy-breasted Tanager,,
Tangara varia,Passeriformes,Thraupinae,Thraupidae,saíra-carijó,Dotted Tanager,,
Tangara punctata,Passeriformes,Thraupinae,Thraupidae,saíra-negaça,Spotted Tanager,,
Tangara guttata,Passeriformes,Thraupinae,Thraupidae,saíra-pintada,Speckled Tanager,,
Tangara xanthogastra,Passeriformes,Thraupinae,Thraupidae,saíra-de-barriga-amarela,Yellow-bellied Tanager,,
Tangara episcopus,Passeriformes,Thraupinae,Thraupidae,sanhaço-da-amazônia,Blue-gray Tanager,,
Tangara sayaca,Passeriformes,Thraupinae,Thraupidae,sanhaço-cinzento,Sayaca Tanager,,
Tangara cyanoptera,Passeriformes,Thraupinae,Thraupidae,sanhaço-de-encontro-azul,Azure-shouldered Tanager,NT,
Tangara palmarum,Passeriformes,Thraupinae,Thraupidae,sanhaço-do-coqueiro,Palm Tanager,,
Tangara ornata,Passeriformes,Thraupinae,Thraupidae,sanhaço-de-encontro-amarelo,Golden-chevroned Tanager,,
Tangara nigrocincta,Passeriformes,Thraupinae,Thraupidae,saíra-mascarada,Masked Tanager,,
Tangara cyanicollis,Passeriformes,Thraupinae,Thraupidae,saíra-de-cabeça-azul,Blue-necked Tanager,,
Tangara argentea,Passeriformes,Thraupinae,Thraupidae,saíra-de-cabeça-preta,Black-headed Tanager,,
Tangara peruviana,Passeriformes,Thraupinae,Thraupidae,saíra-sapucaia,Black-backed Tanager,VU,
Tangara preciosa,Passeriformes,Thraupinae,Thraupidae,saíra-preciosa,Chestnut-backed Tanager,,
Tangara cayana,Passeriformes,Thraupinae,Thraupidae,saíra-amarela,Burnished-buff Tanager,,
Nemosia pileata,Passeriformes,Nemosiinae,Thraupidae,saíra-de-chapéu-preto,Hooded Tanager,,
Nemosia rourei,Passeriformes,Nemosiinae,Thraupidae,saíra-apunhalada,Cherry-throated Tanager,CR,
Cyanicterus cyanicterus,Passeriformes,Nemosiinae,Thraupidae,pipira-azul,Blue-backed Tanager,,
Compsothraupis loricata,Passeriformes,Nemosiinae,Thraupidae,tiê-caburé,Scarlet-throated Tanager,,
Conirostrum speciosum,Passeriformes,Diglossinae,Thraupidae,figuinha-de-rabo-castanho,Chestnut-vented Conebill,,
Conirostrum bicolor,Passeriformes,Diglossinae,Thraupidae,figuinha-do-mangue,Bicolored Conebill,NT,
Conirostrum margaritae,Passeriformes,Diglossinae,Thraupidae,figuinha-amazônica,Pearly-breasted Conebill,VU,
Sicalis citrina,Passeriformes,Diglossinae,Thraupidae,canário-rasteiro,Stripe-tailed Yellow-Finch,,
Sicalis flaveola,Passeriformes,Diglossinae,Thraupidae,canário-da-terra,Saffron Finch,,
Sicalis columbiana,Passeriformes,Diglossinae,Thraupidae,canário-do-amazonas,Orange-fronted Yellow-Finch,,
Sicalis luteola,Passeriformes,Diglossinae,Thraupidae,tipio,Grassland Yellow-Finch,,
Haplospiza unicolor,Passeriformes,Diglossinae,Thraupidae,cigarra-bambu,Uniform Finch,,
Catamenia homochroa,Passeriformes,Diglossinae,Thraupidae,patativa-da-amazônia,Paramo Seedeater,,
Diglossa duidae,Passeriformes,Diglossinae,Thraupidae,fura-flor-escamoso,Scaled Flowerpiercer,,
Diglossa major,Passeriformes,Diglossinae,Thraupidae,fura-flor-grande,Greater Flowerpiercer,,
Chlorophanes spiza,Passeriformes,Hemithraupinae,Thraupidae,saí-verde,Green Honeycreeper,,
Hemithraupis flavicollis,Passeriformes,Hemithraupinae,Thraupidae,saíra-galega,Yellow-backed Tanager,,
Hemithraupis guira,Passeriformes,Hemithraupinae,Thraupidae,saíra-de-papo-preto,Guira Tanager,,
Hemithraupis ruficapilla,Passeriformes,Hemithraupinae,Thraupidae,saíra-ferrugem,Rufous-headed Tanager,,
Conothraupis speculigera,Passeriformes,Tachyphoninae,Thraupidae,tiê-preto-e-branco,Black-and-white Tanager,NT,
Conothraupis mesoleuca,Passeriformes,Tachyphoninae,Thraupidae,tiê-bicudo,Cone-billed Tanager,EN,
Volatinia jacarina,Passeriformes,Tachyphoninae,Thraupidae,tiziu,Blue-black Grassquit,,
Eucometis penicillata,Passeriformes,Tachyphoninae,Thraupidae,pipira-da-taoca,Gray-headed Tanager,,
Trichothraupis melanops,Passeriformes,Tachyphoninae,Thraupidae,tiê-de-topete,Black-goggled Tanager,,
Coryphospingus pileatus,Passeriformes,Tachyphoninae,Thraupidae,tico-tico-rei-cinza,Pileated Finch,,
Coryphospingus cucullatus,Passeriformes,Tachyphoninae,Thraupidae,tico-tico-rei,Red-crested Finch,,
Lanio surinamus,Passeriformes,Tachyphoninae,Thraupidae,tem-tem-de-topete-ferrugíneo,Fulvous-crested Tanager,,
Lanio versicolor,Passeriformes,Tachyphoninae,Thraupidae,pipira-de-asa-branca,White-winged Shrike-Tanager,,
Lanio fulvus,Passeriformes,Tachyphoninae,Thraupidae,pipira-parda,Fulvous Shrike-Tanager,,
Lanio luctuosus,Passeriformes,Tachyphoninae,Thraupidae,tem-tem-de-dragona-branca,White-shouldered Tanager,,
Lanio cristatus,Passeriformes,Tachyphoninae,Thraupidae,tiê-galo,Flame-crested Tanager,,
Lanio nattereri,Passeriformes,Tachyphoninae,Thraupidae,pipira-de-natterer,Natterer's Tanager,,
Lanio rufiventer,Passeriformes,Tachyphoninae,Thraupidae,tem-tem-de-crista-amarela,Yellow-crested Tanager,,
Tachyphonus phoenicius,Passeriformes,Tachyphoninae,Thraupidae,tem-tem-de-dragona-vermelha,Red-shouldered Tanager,,
Tachyphonus rufus,Passeriformes,Tachyphoninae,Thraupidae,pipira-preta,White-lined Tanager,,
Tachyphonus coronatus,Passeriformes,Tachyphoninae,Thraupidae,tiê-preto,Ruby-crowned Tanager,,
Ramphocelus nigrogularis,Passeriformes,Tachyphoninae,Thraupidae,pipira-de-máscara,Masked Crimson Tanager,,
Ramphocelus bresilius,Passeriformes,Tachyphoninae,Thraupidae,tiê-sangue,Brazilian Tanager,,
Ramphocelus carbo,Passeriformes,Tachyphoninae,Thraupidae,pipira-vermelha,Silver-beaked Tanager,,
Charitospiza eucosma,Passeriformes,Charitospizinae,Thraupidae,mineirinho,Coal-crested Finch,NT,
Tersina viridis,Passeriformes,Dacninae,Thraupidae,saí-andorinha,Swallow Tanager,,
Cyanerpes nitidus,Passeriformes,Dacninae,Thraupidae,saí-de-bico-curto,Short-billed Honeycreeper,,
Cyanerpes caeruleus,Passeriformes,Dacninae,Thraupidae,saí-de-perna-amarela,Purple Honeycreeper,,
Cyanerpes cyaneus,Passeriformes,Dacninae,Thraupidae,saíra-beija-flor,Red-legged Honeycreeper,,
Dacnis albiventris,Passeriformes,Dacninae,Thraupidae,saí-de-barriga-branca,White-bellied Dacnis,,
Dacnis nigripes,Passeriformes,Dacninae,Thraupidae,saí-de-pernas-pretas,Black-legged Dacnis,NT,
Dacnis flaviventer,Passeriformes,Dacninae,Thraupidae,saí-amarela,Yellow-bellied Dacnis,,
Dacnis cayana,Passeriformes,Dacninae,Thraupidae,saí-azul,Blue Dacnis,,
Dacnis lineata,Passeriformes,Dacninae,Thraupidae,saí-de-máscara-preta,Black-faced Dacnis,,
Coereba flaveola,Passeriformes,Coerebinae,Thraupidae,cambacica,Bananaquit,,
Tiaris obscurus,Passeriformes,Coerebinae,Thraupidae,cigarra-parda,Dull-colored Grassquit,,
Tiaris fuliginosus,Passeriformes,Coerebinae,Thraupidae,cigarra-preta,Sooty Grassquit,,
Sporophila lineola,Passeriformes,Sporophilinae,Thraupidae,bigodinho,Lined Seedeater,,
Sporophila frontalis,Passeriformes,Sporophilinae,Thraupidae,pixoxó,Buffy-fronted Seedeater,VU,
Sporophila falcirostris,Passeriformes,Sporophilinae,Thraupidae,cigarra,Temminck's Seedeater,VU,
Sporophila schistacea,Passeriformes,Sporophilinae,Thraupidae,cigarrinha-do-norte,Slate-colored Seedeater,,
Sporophila intermedia,Passeriformes,Sporophilinae,Thraupidae,papa-capim-cinza,Gray Seedeater,,
Sporophila plumbea,Passeriformes,Sporophilinae,Thraupidae,patativa,Plumbeous Seedeater,,
Sporophila beltoni,Passeriformes,Sporophilinae,Thraupidae,patativa-tropeira,Tropeiro Seedeater,VU,
Sporophila americana,Passeriformes,Sporophilinae,Thraupidae,coleiro-do-norte,Wing-barred Seedeater,,
Sporophila murallae,Passeriformes,Sporophilinae,Thraupidae,papa-capim-de-caquetá,Caqueta Seedeater,,
Sporophila collaris,Passeriformes,Sporophilinae,Thraupidae,coleiro-do-brejo,Rusty-collared Seedeater,,
Sporophila bouvronides,Passeriformes,Sporophilinae,Thraupidae,estrela-do-norte,Lesson's Seedeater,,
Sporophila luctuosa,Passeriformes,Sporophilinae,Thraupidae,papa-capim-preto-e-branco,Black-and-white Seedeater,,
Sporophila nigricollis,Passeriformes,Sporophilinae,Thraupidae,baiano,Yellow-bellied Seedeater,,
Sporophila ardesiaca,Passeriformes,Sporophilinae,Thraupidae,papa-capim-de-costas-cinzas,Dubois's Seedeater,,
Sporophila melanops,Passeriformes,Sporophilinae,Thraupidae,papa-capim-do-bananal,Hooded Seedeater,,
Sporophila caerulescens,Passeriformes,Sporophilinae,Thraupidae,coleirinho,Double-collared Seedeater,,
Sporophila albogularis,Passeriformes,Sporophilinae,Thraupidae,golinho,White-throated Seedeater,,
Sporophila leucoptera,Passeriformes,Sporophilinae,Thraupidae,chorão,White-bellied Seedeater,,
Sporophila nigrorufa,Passeriformes,Sporophilinae,Thraupidae,caboclinho-do-sertão,Black-and-tawny Seedeater,VU,
Sporophila bouvreuil,Passeriformes,Sporophilinae,Thraupidae,caboclinho,Copper Seedeater,,
Sporophila pileata,Passeriformes,Sporophilinae,Thraupidae,caboclinho-branco,Pearly-bellied Seedeater,,
Sporophila minuta,Passeriformes,Sporophilinae,Thraupidae,caboclinho-lindo,Ruddy-breasted Seedeater,,
Sporophila hypoxantha,Passeriformes,Sporophilinae,Thraupidae,caboclinho-de-barriga-vermelha,Tawny-bellied Seedeater,,
Sporophila ruficollis,Passeriformes,Sporophilinae,Thraupidae,caboclinho-de-papo-escuro,Dark-throated Seedeater,NT,
Sporophila palustris,Passeriformes,Sporophilinae,Thraupidae,caboclinho-de-papo-branco,Marsh Seedeater,EN,
Sporophila castaneiventris,Passeriformes,Sporophilinae,Thraupidae,caboclinho-de-peito-castanho,Chestnut-bellied Seedeater,,
Sporophila hypochroma,Passeriformes,Sporophilinae,Thraupidae,caboclinho-de-sobre-ferrugem,Rufous-rumped Seedeater,NT,
Sporophila cinnamomea,Passeriformes,Sporophilinae,Thraupidae,caboclinho-de-chapéu-cinzento,Chestnut Seedeater,VU,
Sporophila melanogaster,Passeriformes,Sporophilinae,Thraupidae,caboclinho-de-barriga-preta,Black-bellied Seedeater,NT,
Sporophila angolensis,Passeriformes,Sporophilinae,Thraupidae,curió,Chestnut-bellied Seed-Finch,,
Sporophila crassirostris,Passeriformes,Sporophilinae,Thraupidae,bicudinho,Large-billed Seed-Finch,,
Sporophila maximiliani,Passeriformes,Sporophilinae,Thraupidae,bicudo,Great-billed Seed-Finch,EN,
Dolospingus fringilloides,Passeriformes,Sporophilinae,Thraupidae,papa-capim-de-coleira,White-naped Seedeater,,
Coryphaspiza melanotis,Passeriformes,Embirizoidinae,Thraupidae,tico-tico-de-máscara-negra,Black-masked Finch,VU,
Embernagra platensis,Passeriformes,Embirizoidinae,Thraupidae,sabiá-do-banhado,Great Pampa-Finch,,
Embernagra longicauda,Passeriformes,Embirizoidinae,Thraupidae,rabo-mole-da-serra,Pale-throated Pampa-Finch,,
Emberizoides herbicola,Passeriformes,Embirizoidinae,Thraupidae,canário-do-campo,Wedge-tailed Grass-Finch,,
Emberizoides ypiranganus,Passeriformes,Embirizoidinae,Thraupidae,canário-do-brejo,Lesser Grass-Finch,,
Saltatricula atricollis,Passeriformes,Saltatorinae,Thraupidae,batuqueiro,Black-throated Saltator,,
Saltatricula multicolor,Passeriformes,Saltatorinae,Thraupidae,batuqueiro-chaquenho,Many-colored Chaco Finch,,
Saltator maximus,Passeriformes,Saltatorinae,Thraupidae,tempera-viola,Buff-throated Saltator,,
Saltator coerulescens,Passeriformes,Saltatorinae,Thraupidae,sabiá-gongá,Grayish Saltator,,
Saltator similis,Passeriformes,Saltatorinae,Thraupidae,trinca-ferro,Green-winged Saltator,,
Saltator maxillosus,Passeriformes,Saltatorinae,Thraupidae,bico-grosso,Thick-billed Saltator,,
Saltator aurantiirostris,Passeriformes,Saltatorinae,Thraupidae,bico-duro,Golden-billed Saltator,,
Saltator grossus,Passeriformes,Saltatorinae,Thraupidae,bico-encarnado,Slate-colored Grosbeak,,
Saltator fuliginosus,Passeriformes,Saltatorinae,Thraupidae,bico-de-pimenta,Black-throated Grosbeak,,
Poospiza nigrorufa,Passeriformes,Poospizinae,Thraupidae,quem-te-vestiu,Black-and-rufous Warbling-Finch,,
Poospiza thoracica,Passeriformes,Poospizinae,Thraupidae,peito-pinhão,Bay-chested Warbling-Finch,,
Microspingus lateralis,Passeriformes,Poospizinae,Thraupidae,quete-do-sudeste,Buff-throated Warbling-Finch,,
Microspingus cabanisi,Passeriformes,Poospizinae,Thraupidae,quete-do-sul,Gray-throated Warbling-Finch,,
Microspingus melanoleucus,Passeriformes,Poospizinae,Thraupidae,capacetinho,Black-capped Warbling-Finch,,
Microspingus cinereus,Passeriformes,Poospizinae,Thraupidae,capacetinho-do-oco-do-pau,Cinereous Warbling-Finch,,
Thlypopsis sordida,Passeriformes,Poospizinae,Thraupidae,saí-canário,Orange-headed Tanager,,
Pyrrhocoma ruficeps,Passeriformes,Poospizinae,Thraupidae,cabecinha-castanha,Chestnut-headed Tanager,,
Cypsnagra hirundinacea,Passeriformes,Poospizinae,Thraupidae,bandoleta,White-rumped Tanager,,
Donacospiza albifrons,Passeriformes,Poospizinae,Thraupidae,tico-tico-do-banhado,Long-tailed Reed Finch,,
Piranga flava,Passeriformes,Poospizinae,Cardinalidae,sanhaço-de-fogo,Hepatic Tanager,,
Piranga lutea,Passeriformes,Poospizinae,Cardinalidae,sanhaço-montano,Highland Hepatic Tanager,,
Piranga rubra,Passeriformes,Poospizinae,Cardinalidae,sanhaço-vermelho,Summer Tanager,,
Piranga olivacea,Passeriformes,Poospizinae,Cardinalidae,sanhaço-escarlate,Scarlet Tanager,,
Piranga leucoptera,Passeriformes,Poospizinae,Cardinalidae,sanhaço-de-asa-branca,White-winged Tanager,,
Habia rubra,Passeriformes,Poospizinae,Cardinalidae,tiê-do-mato-grosso,Scarlet-throated Ant-Tanager,,
Habia rubica,Passeriformes,Poospizinae,Cardinalidae,tiê-de-bando,Red-crowned Ant-Tanager,,
Pheucticus aureoventris,Passeriformes,Poospizinae,Cardinalidae,rei-do-bosque,Black-backed Grosbeak,,
Granatellus pelzelni,Passeriformes,Poospizinae,Cardinalidae,polícia-do-mato,Rose-breasted Chat,,
Caryothraustes canadensis,Passeriformes,Poospizinae,Cardinalidae,furriel,Yellow-green Grosbeak,,
Periporphyrus erythromelas,Passeriformes,Poospizinae,Cardinalidae,bicudo-encarnado,Red-and-black Grosbeak,NT,
Amaurospiza moesta,Passeriformes,Poospizinae,Cardinalidae,negrinho-do-mato,Blackish-blue Seedeater,,
Cyanoloxia rothschildii,Passeriformes,Poospizinae,Cardinalidae,azulão-da-amazônia,Rothschild's Blue Grosbeak,,
Cyanoloxia glaucocaerulea,Passeriformes,Poospizinae,Cardinalidae,azulinho,Glaucous-blue Grosbeak,,
Cyanoloxia brissonii,Passeriformes,Poospizinae,Cardinalidae,azulão,Ultramarine Grosbeak,,
Spiza americana,Passeriformes,Poospizinae,Cardinalidae,papa-capim-americano,Dickcissel,,
Chloris chloris,Passeriformes,Carduelinae,Fringillidae,verdelhão,European Greenfinch,,
Carduelis carduelis,Passeriformes,Carduelinae,Fringillidae,pintassilgo-europeu,European Goldfinch,,
Spinus yarrellii,Passeriformes,Carduelinae,Fringillidae,pintassilgo-do-nordeste,Yellow-faced Siskin,VU,
Spinus magellanicus,Passeriformes,Carduelinae,Fringillidae,pintassilgo,Hooded Siskin,,
Euphonia plumbea,Passeriformes,Euphoniinae,Fringillidae,gaturamo-miúdo,Plumbeous Euphonia,,
Euphonia chlorotica,Passeriformes,Euphoniinae,Fringillidae,fim-fim,Purple-throated Euphonia,,
Euphonia finschi,Passeriformes,Euphoniinae,Fringillidae,gaturamo-capim,Finsch's Euphonia,,
Euphonia violacea,Passeriformes,Euphoniinae,Fringillidae,gaturamo,Violaceous Euphonia,,
Euphonia laniirostris,Passeriformes,Euphoniinae,Fringillidae,gaturamo-de-bico-grosso,Thick-billed Euphonia,,
Euphonia chalybea,Passeriformes,Euphoniinae,Fringillidae,cais-cais,Green-throated Euphonia,NT,
Euphonia cyanocephala,Passeriformes,Euphoniinae,Fringillidae,gaturamo-rei,Golden-rumped Euphonia,,
Euphonia chrysopasta,Passeriformes,Euphoniinae,Fringillidae,gaturamo-verde,Golden-bellied Euphonia,,
Euphonia minuta,Passeriformes,Euphoniinae,Fringillidae,gaturamo-de-barriga-branca,White-vented Euphonia,,
Euphonia xanthogaster,Passeriformes,Euphoniinae,Fringillidae,fim-fim-grande,Orange-bellied Euphonia,,
Euphonia rufiventris,Passeriformes,Euphoniinae,Fringillidae,gaturamo-do-norte,Rufous-bellied Euphonia,,
Euphonia cayennensis,Passeriformes,Euphoniinae,Fringillidae,gaturamo-preto,Golden-sided Euphonia,,
Euphonia pectoralis,Passeriformes,Euphoniinae,Fringillidae,ferro-velho,Chestnut-bellied Euphonia,,
Chlorophonia cyanea,Passeriformes,Euphoniinae,Fringillidae,gaturamo-bandeira,Blue-naped Chlorophonia,,
Estrilda astrild,Passeriformes,Euphoniinae,Estrildidae,bico-de-lacre,Common Waxbill,,
Passer domesticus,Passeriformes,Euphoniinae,Passeridae,pardal,House Sparrow,,